path,size_bytes,sha256
.gitignore,955,3f3544ef3ee01196fe8fc562e7e6ec04a9b4b8d80ea5ef373c380775d3582574
README.md,2013,4c828eff9f1779640d2fee3c9dc3a15bc424106f9a0746f3da95452daee44117
configs/CONFIG_STATUS.md,2837,06594e36c49a7ba1f9ed6cbedc46c942994d362d86a56e720c7e4fdb765b55be
configs/data_source_registry.yaml,4327,3d052b4f3a71d55a03e1a0cc80d16829a23cf5b5723fa6281b8bfc0b2c85866d
configs/frozen/attack_map_v1.yaml,6904,3755a479de9c57a4d92db6a5370bff2b902511ac88395d84ce5ae94212419c0d
configs/frozen/data_v1.yaml,5222,7227c1bd589a29750495971899f0caf685976585d8610dbcbdeb77a730902885
configs/frozen/downstream_resnet18.yaml,782,f117c57380404bccfdc42370290c4bd2141b69346d3ee3f044d020f8b90a447b
configs/methods/gpat_b0.yaml,1139,0a268d2c9d1914a9e687d08cdfb96d5bf793eaa22559476b8e68d3cf58035d6a
docs/spec/GPAT_TransferBench_v1_0_Frozen_Specification_2026.docx,710996,f7d2371682ad9504f59f0c6984e4b1a741f855f1b1f60838f9d60b160281489e
docs/spec/spec_extracted_text.txt,76647,0bf6b1607d2f39db1f091df772c1da82c1e76539fa7859f627d115da706e5d83
environments/PLANNED_ENVIRONMENT_REQUIREMENTS.md,3593,3541f6d6240b316e869fcd8802ca348126e048d66c8a0d4b7de50d697977cc67
environments/laptop_environment_initial.txt,6003,6d344a7e010f8e71c523bc0c5cc7e88d6161961b019bcff1ed37e59f8abe91bc
environments/m1_inventory_laptop.lock.txt,141,5aa911becda8bc8ffd51ed71273b19ebb095b736f4cad95f28c5fe6a29d0c005
frozen_config_snapshot/configs/frozen/attack_map_v1.yaml,6904,3755a479de9c57a4d92db6a5370bff2b902511ac88395d84ce5ae94212419c0d
frozen_config_snapshot/configs/frozen/data_v1.yaml,5222,7227c1bd589a29750495971899f0caf685976585d8610dbcbdeb77a730902885
frozen_config_snapshot/configs/frozen/downstream_resnet18.yaml,782,f117c57380404bccfdc42370290c4bd2141b69346d3ee3f044d020f8b90a447b
frozen_config_snapshot/configs/methods/gpat_b0.yaml,1139,0a268d2c9d1914a9e687d08cdfb96d5bf793eaa22559476b8e68d3cf58035d6a
gpatbench/__init__.py,0,e3b0c44298fc1c149afbf4c8996fb92427ae41e4649b934ca495991b7852b855
gpatbench/audit/__init__.py,0,e3b0c44298fc1c149afbf4c8996fb92427ae41e4649b934ca495991b7852b855
gpatbench/audit/ledger.py,4172,e770fc93a220f88763a120337a8c94eece5eaa4e510068d656e5e4e8b9ea6fe8
gpatbench/cli.py,2010,57c37da9ba9e71f451ed7af8a80f902ed0b9027a8f239a10d48359227ef58934
gpatbench/data/__init__.py,0,e3b0c44298fc1c149afbf4c8996fb92427ae41e4649b934ca495991b7852b855
gpatbench/data/base.py,4157,a81a6f26f4e687dbb9e934d2fa15654da86710fe3342f67b4988f4ea2c8610ed
gpatbench/data/casia_fasd.py,4843,b861ebc3c9e5c9270fa808ce37aa00ce98dc7269ade4eab897dfe6f1584033be
gpatbench/data/frames.py,5428,2bde229d785ff3e4bd2376ab99e747228d0f6b3a11566eab40f1349cd2458991
gpatbench/data/inventory.py,27947,3a07c3ae893b08e39bd3ea6c52c16a2fd6951006fb8df4be168bbbdfc2b46d41
gpatbench/data/msu_mfsd.py,4010,255085b33eceed672f8c16e1dad2b4ec6dd97aa13ca5e4a97bdb07ef64c69427
gpatbench/data/report.py,13021,c4c5b928c71505732322f6cbd880d96e753f783dfc1e7d6d10cc3bb841a86052
gpatbench/data/siwmv2.py,2556,c4096ec1f30a2723f6a4226de6c2b42cc8f749f7a8d04c66729941ab58f82b0f
manifests/inventory.parquet,1249609,f3a882c91eb3de808ded61e92f2bf20a6b611d21669420f1e1a64e244a979173
manifests/inventory_videos.parquet,129269,35c49c4d7afedad3b6905436baf4bcdf57c6c638c2113b7ef0a4bce61a5d255a
manifests/raw_file_index.parquet,5856103,e3c9f5978c208ca7a0fad68704730df088b87927775e3967d355a686bf99ed8b
models/registry.yaml,3711,4d126c937ea011bd873b1265867e28eca24c023f6533b707c28294e0b0d46374
outputs/audit/CLAIM_EVIDENCE_MAP.csv,2950,0d2db3d653ccd0d15f68206824ffb7d86fa26270b41325eb88decc45c64c461f
outputs/audit/EXECUTION_FLOW.md,5464,bbd36d0ead7b4e17f08872936fc294ab687bad7fa1554ef40187e82d56e8f702
outputs/audit/GPU_CONNECTIVITY_AUDIT.md,1564,fb55ef8b6b75d37ef9249d013029b9697346501eef5940bc646be01131e44901
outputs/audit/LAPTOP_ENVIRONMENT_AUDIT.md,3738,a0918c94f1368b983433a69f9d2d71e3c14f9c3c2118564842d2600aece05b0d
outputs/audit/M1_DATASET_EVIDENCE.md,9522,09ce0f291a961655e516820dc934d377acc3b31fa15f644705decf109a3d277d
outputs/audit/PRISM_REUSE_AUDIT.md,7846,b80da74d392e6c0af4a3b16eeb322d30a2202d4b8ef5d50aa7e21f098a276f88
outputs/audit/SPEC_PROVENANCE.md,4059,2b8ff8568351e8bf93140cc16d18eea0c63d21521c20d5238a4f2cfb6d645b16
outputs/audit/STAGE_STATE.json,5706,eb00af4ecc5ffa3a7d6b64cbb65169ea2009e2966558a40ff945d8bbf36842c7
outputs/audit/TOOLING_INVENTORY.md,1744,70a2b6f55cb90a3058738908c9624dcbf675a03fc762f324d63a0d12824f8b2c
outputs/audit/dataset_archive_crosscheck.csv,339,939a5b56c88dcb6f317e3595bf9d1d07ca332b9e071a10bef90f08ada1522de1
outputs/audit/dataset_attack_coverage.csv,1372,cfacc92e1a849f18bbc2b468377d029e44a2946c96d715cf5b29eec30b86001b
outputs/audit/dataset_duplicate_hashes.csv,1100,5a165393190d002063e8a813b822755abb1152b3c780f9db33ab7be7ac0f67c5
outputs/audit/dataset_integrity_issues.csv,33135,d591b6beb539c572183542a2f9bd2638e2d5029dbd0865a00bbaf6a3f5fb76b9
outputs/audit/dataset_inventory_summary.csv,1134,46c4c969cd5375cf0db7ecdeb996498cdd2f78aa3243c2279025c1d2e4222591
outputs/audit/dataset_report.html,17138,cb19fd093f9c4bfadb12222c9d3eb10cfc37ba1d547675cba763349cf216ebe8
outputs/audit/deviation_report.md,21078,851615802a15bd2dd9122b89cad994c3d1e18f1ac4393ebb27a1c2d5d0918982
outputs/audit/m1_inventory_facts.json,1672,c2290384bbbd13d1b4f3b6d3f6dc95a9f9327a8ea02d0ebdb7335542a554b75b
outputs/audit/m1_inventory_run.json,1942,aadd6aa25831e99125a61ad0d2020be2f277764ca23baa44725fdec5844a9102
outputs/audit/unmapped_attack_tokens.csv,110,c9c029bbab702474b508c2a054cf9159de7bfeca777cc03f3ba7b70be7ef11ce
tests/m1_fixtures.py,3845,83ce17aba7754d89d59e5847b02a9b4bfe6849e25c51ee4b84dda5477c466186
tests/test_m0_bootstrap.py,8954,98eff5ee6a8abe05fb96dbac209d0d4ed4fba00544dc10f7c45c897c91e4d87e
tests/test_m1_artifacts.py,6172,0f2d4eb829fb8b0bbc451c55bfe1664835f9b37898e640404796ac3a1a120800
tests/test_m1_inventory.py,15155,095cfa35037a436f8b157bf628a5521163b159f6cd49cef7277ddc112853ef61
third_party/registry.yaml,11183,5b10d13e7d2bcd13b0308d7601ef0e2272ce64f9006f6fc7f3ba7af7b182ef3f
tools/build_artifact_index.py,1587,1fdc75d68fcd5c5a54548b24d93b097ad78b546b55d64e9c0d4c8cab11c60d5a
tools/capture_laptop_env.sh,2147,164f201b72bfc296c8fc429c9f832ce9fe4d4809d36cb4c7201adb97c2c00dd5
tools/docx_extract.py,1596,485f2810b7939355f4b51713056a0abc88321224f0b477cef4196777cba28a3f
tools/extract_spec_yaml.py,915,94c35a8c24e691d4ba7eae5d5e654909c0ab00852e18f1d0b58cb24df8585265
