claim_id,claim,claim_type,evidence_files,status,notes
C-M0-01,The frozen spec used is SHA256 f7d2371682ad9504f59f0c6984e4b1a741f855f1b1f60838f9d60b160281489e,provenance,outputs/audit/SPEC_PROVENANCE.md;docs/spec/GPAT_TransferBench_v1_0_Frozen_Specification_2026.docx;tests/test_m0_bootstrap.py,SUPPORTED,Hash re-checked by unit test
C-M0-02,configs/frozen/downstream_resnet18.yaml and configs/methods/gpat_b0.yaml are verbatim copies of spec §23.1/§23.2,provenance,tools/extract_spec_yaml.py;tests/test_m0_bootstrap.py;frozen_config_snapshot/,SUPPORTED,Test re-extracts from DOCX and compares bytes
C-M0-03,No model was trained and no TEST data was accessed in M0,process,outputs/audit/EXECUTION_LEDGER.jsonl;outputs/audit/STAGE_STATE.json,SUPPORTED,Ledger contains no training/evaluation commands; runs/ and manifests/ empty
C-M0-04,Old PRISM projects were not modified,process,outputs/audit/PRISM_REUSE_AUDIT.md;outputs/audit/EXECUTION_LEDGER.jsonl,SUPPORTED,Only read commands; git status with GIT_OPTIONAL_LOCKS=0
C-M1-01,All 125841 files under the three selected dataset roots are indexed with SHA256; 0 unreadable,inventory,manifests/raw_file_index.parquet;outputs/audit/dataset_inventory_summary.csv;tests/test_m1_artifacts.py,SUPPORTED,run C; byte-identical to run B
C-M1-02,inventory.parquet has 20640 sampled-frame rows with no duplicate sample_id,inventory,manifests/inventory.parquet;tests/test_m1_artifacts.py,SUPPORTED,sample_id recomputed in tests
C-M1-03,SiW-Mv2 subject identity is not recoverable from the local copy (0/1700 videos),data-limitation,outputs/audit/M1_DATASET_EVIDENCE.md;outputs/audit/dataset_integrity_issues.csv,SUPPORTED,blocks M3 main split for SiW-Mv2
C-M1-04,CASIA fs* files are exact horizontal flips of canonical frames (6337/6337),inventory,outputs/audit/m1_inventory_facts.json,SUPPORTED,measured on every derived file
C-M1-05,Raw datasets were not modified by the inventory,process,outputs/audit/m1_inventory_run.json (raw_data_unchanged);tests/test_m1_inventory.py,SUPPORTED,size+mtime snapshot before/after
C-M1-06,"CASIA local copy has 600 sequences = 150 live + 450 spoof across 50 subjects (train N, test 20+N)",inventory,manifests/inventory_videos.parquet;outputs/audit/dataset_inventory_summary.csv;tests/test_m1_artifacts.py;outputs/audit/deviation_report.md (DEV-010),SUPPORTED,M1 correction pass; mapping verified against all 600 sequences
C-M1-07,"SiW-Mv2 folder 'Paper' is the official Print attack, not paper mask",provenance,configs/frozen/attack_map_v1.yaml;outputs/audit/M1_DATASET_EVIDENCE.md §5.2,SUPPORTED,official repo @8667dbc config_siwm.py spoof_type_dict; supplementary Table 1 counts
C-M1-08,No original CASIA-FASD video copy exists on this laptop,data-limitation,outputs/audit/M1_DATASET_EVIDENCE.md §5.1;outputs/audit/deviation_report.md (Q-15),SUPPORTED,read-only search of /home/cong and /media/cong/Data
C-M1-09,Frame indices are preserved across decode failures for all 1980 MSU/SiW videos,decoder,outputs/audit/DECODER_INDEX_AUDIT.md;outputs/audit/decoder_index_audit.csv;outputs/audit/decoder_index_global.csv;tests/test_dataset_resolution.py,SUPPORTED,independent PyAV 18.1.0 reference; OpenCV POS_FRAMES not trustworthy after failure
C-M1-10,No authoritative SiW-Mv2 video-to-person mapping exists in local or official sources,data-limitation,outputs/audit/SIW_PROTOCOL_NAME_SEMANTICS.md;outputs/audit/siw_subject_mapping_candidate.csv,SUPPORTED,official repo @8667dbc; protocol names = video stems
C-M1-11,"CASIA 112->256 INTER_CUBIC reduces relative high-frequency power ~5-6x on the 256 grid, equally for live and spoof",diagnostic,outputs/audit/CASIA_RESIZE_FREQUENCY_AUDIT.md;outputs/audit/CASIA_RESIZE_FREQUENCY_AUDIT.csv,SUPPORTED,4800 inventory-selected frames; diagnostic only
D-POOL-01,REQUIRED DISCLOSURE: CASIA-FASD comes from a pre-cropped 112x112 local derivative,disclosure,outputs/audit/CASIA_SOURCE_AUDIT.md;outputs/audit/casia_source_audit.json;configs/frozen/dataset_protocol_policy_v1.yaml,MANDATORY_FOR_ANY_POOLED_RESULT,DEV-011
D-POOL-02,REQUIRED DISCLOSURE: CASIA uses approved deterministic 112->256 INTER_CUBIC controlled preprocessing without SCRFD; not equivalent to the nominal path,disclosure,outputs/audit/CASIA_CONTROLLED_ADAPTATION_PROPOSAL.md;outputs/audit/CASIA_RESIZE_FREQUENCY_AUDIT.md;outputs/audit/deviation_report.md (DEV-011),MANDATORY_FOR_ANY_POOLED_RESULT,frequency audit must stay attached
D-POOL-03,REQUIRED DISCLOSURE: CASIA-FASD and MSU-MFSD splits are subject-disjoint,disclosure,configs/frozen/dataset_protocol_policy_v1.yaml;outputs/audit/DATASET_PROTOCOL_DECISIONS.md,MANDATORY_FOR_ANY_POOLED_RESULT,verified at M3 by the split audit
D-POOL-04,REQUIRED DISCLOSURE: SiW-Mv2 uses a deterministic video-disjoint split with exact-content duplicate grouping because reliable subject identifiers were unavailable,disclosure,outputs/audit/deviation_report.md (DEV-012);outputs/audit/SIW_PROTOCOL_NAME_SEMANTICS.md;outputs/audit/siw_content_groups.csv,MANDATORY_FOR_ANY_POOLED_RESULT,Q-14
D-POOL-05,REQUIRED DISCLOSURE: the pooled benchmark is NOT uniformly subject-disjoint (forbidden: 'All three datasets are subject-disjoint'),disclosure,configs/frozen/dataset_protocol_policy_v1.yaml (forbidden_statements),MANDATORY_FOR_ANY_POOLED_RESULT,pooled_benchmark_fidelity=MIXED
D-POOL-06,"REQUIRED DISCLOSURE: SiW-Mv2 source-target pairs are different-video and different-exact-content, not proven different-person",disclosure,outputs/audit/deviation_report.md (DEV-013);configs/frozen/dataset_protocol_policy_v1.yaml,MANDATORY_FOR_ANY_PAIR_RESULT,identity-preservation metric unaffected
C-M2A-01,"FaceXFormer weights/code used are the official release (HF kartiknarayan/facexformer@fd12148d; GitHub @10fe8291), hash-exact",provenance,outputs/audit/M2A_MODEL_PROVENANCE.csv;outputs/audit/M2A_AUX_MODEL_RESOLUTION.md;models/registry.yaml,SUPPORTED,strict load; runtime hash guard
C-M2A-02,"The local AdaFace file is CVLFace AdaFace IR-50 WebFace4M (HF minchul/cvlface_adaface_ir50_webface4m@60a65bef), hash-exact; its checkpoint choice and input contract are pending (Q-03, Q-18, Q-19)",provenance,outputs/audit/M2A_MODEL_PROVENANCE.csv;outputs/audit/M2A_AUX_MODEL_RESOLUTION.md,SUPPORTED_WITH_OPEN_QUESTIONS,not yet usable for scientific cache
C-M2A-03,"The M2 preprocessing pipeline is byte-deterministic on the laptop CPU environment (24-sample diagnostic smoke, 208/208 files)",determinism,outputs/audit/M2A_DETERMINISM_REPORT.md;outputs/audit/M2A_DETERMINISM_COMPARE.json,SUPPORTED,same host only; provisional settings
C-M2-01,"M2 processed the complete frozen inventory: 20,640 samples accounted for, 20,615 COMPLETE and 25 FAILED, every failure classified SCRFD_NO_FACE with no fallback",completeness,outputs/audit/M2_CACHE_INTEGRITY.md;outputs/audit/M2_SCRFD_SUCCESS_REPORT.md;manifests/m2_sample_accounting.parquet;tests/test_m2b_execution.py,SUPPORTED,full block-level cache integrity audit PASS
C-M2-02,Every canonical video retains at least one usable (M2 COMPLETE) sample; no canonical video was lost to detector failure,completeness,outputs/audit/M2_FAILURE_CONCENTRATION.md;outputs/audit/M2_FAILURE_CONCENTRATION.csv;outputs/audit/M2_FAILURE_CONCENTRATION.json,SUPPORTED,"zero-usable-video gate PASS; 23 of 2,580 videos affected, min 6 usable frames"
C-M2-03,"Relocating the M2 generated artifacts to the external volume changed no scientific output (frozen 24-sample smoke, 210/210 files byte-identical)",determinism,outputs/audit/M2B_EXTERNAL_SMOKE_COMPARE.json;outputs/audit/M2B_STORAGE_DECISION_TRAIL.md;outputs/audit/M2_DETERMINISTIC_VALIDATION.json,SUPPORTED,DEV-017; final validation re-computed 72 samples with max abs diff 0.0
C-M3-01,"Q-01 is resolved as an owner lexicographic allocator (P0 constraints, then P1 video ratio, P2 binary, P3 attack_macro, P4 attack_raw, P5 seeded tie-break), each level pinned so a later priority cannot worsen an earlier one",decision,configs/frozen/split_v1.yaml;outputs/audit/M3_ALLOCATOR_DESIGN.md;outputs/audit/deviation_report.md;tests/test_m3_allocator.py,SUPPORTED,"owner benchmark-design decision, not literature-derived"
C-M3-02,The frozen allocator reaches a proven global optimum at every lexicographic level on all three datasets,optimality,outputs/audit/M3_ALLOCATOR_FEASIBILITY.md;outputs/audit/M3_ALLOCATOR_OBJECTIVE.json,SUPPORTED,"HiGHS via scipy.optimize.milp, mip_rel_gap 0, every level status 0 and gap 0.0; objective recomputed independently in exact integers"
C-M3-03,"The allocator is deterministic: identical output under permuted input rows, repeated execution and different PYTHONHASHSEED values",determinism,tests/test_m3_allocator.py;configs/frozen/split_v1.yaml,SUPPORTED,count vector canonicalised by seeded column order; groups ordered by the frozen seeded hash
C-M3-04,M2 frame-level failures do not change split balancing: a canonical video weighs exactly one video whether 7 or 8 of its frames survived,protocol,configs/frozen/split_v1.yaml;outputs/audit/M3_ALLOCATOR_DESIGN.md;tests/test_m3_allocator.py,SUPPORTED,M2 FAILED rows remain provenance-only and never become usable image samples
C-M3-05,"manifests/split_v1.parquet holds exactly the 20,615 M2 COMPLETE rows with zero subject/content-group/video/sample leakage, and is byte-reproducible",protocol,manifests/split_v1.parquet;outputs/audit/split_v1.sha256;outputs/audit/M3_LEAKAGE_AUDIT.md;outputs/audit/M3_DETERMINISM_REPORT.md;tests/test_m3_split_execution.py,SUPPORTED,4 runs incl. fresh interpreters and permuted metadata produced identical bytes
C-M4-01,"Common pair construction is feasible: no TRAIN or VAL spoof source lacks an eligible live target, and N_syn,intended = 8,838",feasibility,outputs/audit/M4_COMMON_PAIR_FEASIBILITY.md;outputs/audit/M4_PAIR_PREFLIGHT.json;tests/test_m4_pair_preflight.py,SUPPORTED,the 64-candidate cap binds for every source in both splits
C-M4-02,"Three of the four quantities the pair rule minimises are not defined by the spec, and CASIA carries no face box at all, so the common pair contract cannot be frozen yet",source_gap,outputs/audit/M4_PAIR_CONTRACT_ANALYSIS.md;outputs/audit/M4_PAIR_DISTANCE_ANALYSIS.md;outputs/audit/deviation_report.md;configs/proposed/pairs_v1.proposed.yaml,OPEN,"Q-24..Q-27 OWNER_DECISION_REQUIRED; sensitivity of each choice measured, none adopted"
C-M4-03,"DSDG and DiffFAS native identity pairing is fully supported on CASIA and MSU and not instantiable on SiW-Mv2, whose subject identity is unavailable",coverage,outputs/audit/M4_NATIVE_PAIR_REQUIREMENTS.md;outputs/audit/M4_PAIR_PREFLIGHT.json,SUPPORTED,CASIA 35/35 and MSU 25/25 TRAIN identities carry both live and spoof; SiW 0. Identity is never fabricated and DEV-013 is not extended to native same-identity pairing
