dataset,video_id,content_group_id,label_binary,attack_macro,attack_raw,expected_selected_frames,complete_frames,failed_frames,failed_original_frame_indices,complete_original_frame_indices
siwmv2,Live/Live_463.avi,siwmv2::sha256:de82997f3c698da79201ad445b40843bb11461839ee29f5f948cc8c6a7dd47c2,0,live,,8,7,1,[159],"[36, 77, 118, 200, 241, 282, 323]"
siwmv2,Live/Live_639.mov,siwmv2::sha256:671daf47e8deb66702e534d06c3bd19ad40373d191d6c43f000710adc8ecc542,0,live,,8,7,1,[13],"[3, 6, 10, 16, 19, 23, 26]"
siwmv2,Live/Live_85.mov,siwmv2::sha256:7cc0d22e6c5bbf200395106426be16a157c6680200b18ac46a23737beb355f30,0,live,,8,6,2,"[106, 133]","[24, 51, 79, 160, 188, 215]"
siwmv2,Spoof/Makeup_Impersonation/Makeup_Im_2.mov,siwmv2::sha256:cf2ddccecc69f8182152f1b0822dcdf53855c1f2bd34d90b592b464c21301f38,1,makeup,Makeup_Impersonation,8,7,1,[131],"[17, 36, 55, 74, 93, 112, 150]"
siwmv2,Spoof/Makeup_Impersonation/Makeup_Im_60.mov,siwmv2::sha256:888fb7684f7b049cd75b9aa9dabca6c29565a5646487f55b781f13ed3500e16e,1,makeup,Makeup_Impersonation,8,7,1,[50],"[9, 19, 29, 39, 60, 70, 80]"
siwmv2,Spoof/Paper/Paper_100.mov,siwmv2::sha256:5fe96181bac3452f6ab02bf7b3be438161ad93c0b6ec9a8a83830d2c6badcd46,1,print,Paper,8,7,1,[39],"[12, 26, 53, 67, 81, 94, 108]"
siwmv2,Spoof/Paper/Paper_38.mov,siwmv2::sha256:41e0c23d6b78770c011387648e7b965030d9c6941917d1b84f40abf527947707,1,print,Paper,8,7,1,[3],"[6, 10, 13, 16, 19, 23, 26]"
siwmv2,Spoof/Paper/Paper_91.mov,siwmv2::sha256:8a8798760484547f1896878691e8a0997575b88d4c4e78babe5cdc18c037cbfe,1,print,Paper,8,7,1,[28],"[13, 44, 59, 74, 89, 105, 120]"
siwmv2,Spoof/Paper/Paper_96.mov,siwmv2::sha256:f055a14070a8e9f032ce1f579bd582a8f2eaf47640cca3e72cdce75e5343cb52,1,print,Paper,8,7,1,[59],"[9, 19, 29, 39, 49, 69, 79]"
siwmv2,Spoof/Paper/Paper_99.mov,siwmv2::sha256:3f05963006742798c827bbb4768f17dae836045e31756ed94d563976aa5883a2,1,print,Paper,8,7,1,[96],"[11, 23, 35, 47, 60, 72, 84]"
siwmv2,Spoof/Partial_FunnyeyeGlasses/Partial_Funnyeye_48.mov,siwmv2::sha256:504e6ad90f6956dd70e055026bcf6b09430890ca503c84388f48fbb4bb0c3051,1,partial,Partial_FunnyeyeGlasses,8,7,1,[100],"[15, 32, 49, 66, 83, 117, 134]"
siwmv2,Spoof/Partial_FunnyeyeGlasses/Partial_Funnyeye_57.mov,siwmv2::sha256:b1fb5d3106504019973068e56228e5fb21f413e395f46df76b84862f1ef05fde,1,partial,Partial_FunnyeyeGlasses,8,6,2,"[83, 100]","[15, 32, 49, 66, 117, 134]"
siwmv2,Spoof/Replay/Replay_76.mov,siwmv2::sha256:4567084a6afe8dbe79700dc25f215f124f8bbacac963d46b4b7cbaa0e45e471f,1,replay,Replay,8,7,1,[15],"[32, 49, 66, 83, 100, 117, 134]"
siwmv2,Spoof/Replay/Replay_81.mov,siwmv2::sha256:b473e2772367020361428c577734cb76dfb3c7d64d3e6fe78f8c98d763e97439,1,replay,Replay,8,7,1,[15],"[32, 49, 66, 83, 100, 117, 134]"
siwmv2,Spoof/Replay/Replay_82.mov,siwmv2::sha256:0371e7880a8eb51f526002733fc312cefd1c23a6fd92edce260e962471ae6997,1,replay,Replay,8,7,1,[15],"[32, 49, 66, 83, 100, 117, 134]"
siwmv2,Spoof/Replay/Replay_83.mov,siwmv2::sha256:4567084a6afe8dbe79700dc25f215f124f8bbacac963d46b4b7cbaa0e45e471f,1,replay,Replay,8,7,1,[15],"[32, 49, 66, 83, 100, 117, 134]"
siwmv2,Spoof/Replay/Replay_89.mov,siwmv2::sha256:927ec199663c63e2fd38d9839302ac71c97bc9ba2953c085e56cba4d7187f25e,1,replay,Replay,8,7,1,[15],"[32, 49, 66, 83, 100, 117, 134]"
siwmv2,Spoof/Replay/Replay_90.mov,siwmv2::sha256:c01d2f9498dac36de3de70ade59f1b5fb59d1674360e0f24d28330221c3b2331,1,replay,Replay,8,7,1,[15],"[32, 49, 66, 83, 100, 117, 134]"
siwmv2,Spoof/Replay/Replay_91.mov,siwmv2::sha256:e9b28857f7fca983ed1e28a51afa4f14a9437adf3a7a4b61759b03ed1cdae8ec,1,replay,Replay,8,7,1,[15],"[32, 49, 66, 83, 100, 117, 134]"
siwmv2,Spoof/Replay/Replay_92.mov,siwmv2::sha256:a25993979a0206b5bf2a9bfe2b8d78b3d28fd1335b0b720e75f93b5cbe03dd10,1,replay,Replay,8,7,1,[15],"[32, 49, 66, 83, 100, 117, 134]"
siwmv2,Spoof/Replay/Replay_97.mov,siwmv2::sha256:61efe01ba4519635050b88784faeb98bbe1427eb3a2af6566fdf17125c2e5ac8,1,replay,Replay,8,7,1,[15],"[32, 49, 66, 83, 100, 117, 134]"
siwmv2,Spoof/Replay/Replay_98.mov,siwmv2::sha256:73a775921bc816c8a62fbfa74d9cd31f3128b1bf5b8f5ffa6170789c256e1dbe,1,replay,Replay,8,7,1,[15],"[32, 49, 66, 83, 100, 117, 134]"
siwmv2,Spoof/Replay/Replay_99.mov,siwmv2::sha256:9be29ab0ce8fd426f49a40894149c373b4971dc1af1c9b3d594c3cb824b1fc93,1,replay,Replay,8,7,1,[15],"[32, 49, 66, 83, 100, 117, 134]"
