sample_id,dataset,video_id,frame_index,label_binary,attack_raw,attack_macro,source_path,source_file_sha256,content_group_id,selection_rule
1afed8e230de81fd5ce85a8edc286205b4a4fce3c0f52e18b5bffd4fb9d155cc,casia_fasd,test/spoof/s20vHR_3,52,1,HR_3,print,test/spoof/s20vHR_3f52.png,7e2b73aae8c823858323eecd146076019a6892d6005169d5cfe721679253f88a,,sort by sha256('gpatbench.m2a_smoke.v1|'+sample_id); per dataset 4 live + 4 spoof; distinct video_id; spoof prefers unseen attack_raw first
561349e284bc285abd4051ea4cbdd9aea4a105a95d6ec147aa7c2d7c4516ad5f,casia_fasd,train/spoof/s14v8,58,1,8,replay,train/spoof/s14v8f58.png,dbb1bc50d0dc93ef65f754f16b3aadeb95c7b3d418cc949205bd73f4d0b0f4f5,,sort by sha256('gpatbench.m2a_smoke.v1|'+sample_id); per dataset 4 live + 4 spoof; distinct video_id; spoof prefers unseen attack_raw first
aade9e2d28d824d625b3b64deb29b95706d6ec00943ed8d3179ef977d73bf507,casia_fasd,test/spoof/s17v5,15,1,5,print,test/spoof/s17v5f15.png,856cab8b0196e57c464c9f0e3e05ccc0235c66bc2a639626e811a4b6aa6184f5,,sort by sha256('gpatbench.m2a_smoke.v1|'+sample_id); per dataset 4 live + 4 spoof; distinct video_id; spoof prefers unseen attack_raw first
b0bf34e36d907f90ebe4913bc7a0901ccea364990911fba554f8ed25806418ee,casia_fasd,test/spoof/s7v3,39,1,3,print,test/spoof/s7v3f39.png,daac83ee6f761e272ad1d8dfffb41e95cc8c603f0d8ccd78e225288f0f797a92,,sort by sha256('gpatbench.m2a_smoke.v1|'+sample_id); per dataset 4 live + 4 spoof; distinct video_id; spoof prefers unseen attack_raw first
bd38e3bc800075da766b24944333ad77902590860ded1a419329fdc57a2ee510,casia_fasd,test/spoof/s18vHR_1,86,0,,live,test/spoof/s18vHR_1f86.png,27fd014ce1c4607068728e4a4ab6e8ed27df405b5e977a0a2fe7181d6d6416c6,,sort by sha256('gpatbench.m2a_smoke.v1|'+sample_id); per dataset 4 live + 4 spoof; distinct video_id; spoof prefers unseen attack_raw first
d16bdd7eed5da7a31706a4fdbfd32b9ec4ea5afc1821ea2fe7b25c52c1251ae7,casia_fasd,train/live/s19v2,89,0,,live,train/live/s19v2f89.png,da4e3745c3e1671e8c69ddb2e96a9c8133aeb421adc6365fc29beeb21c220bf6,,sort by sha256('gpatbench.m2a_smoke.v1|'+sample_id); per dataset 4 live + 4 spoof; distinct video_id; spoof prefers unseen attack_raw first
f747a0e0b937e6b14fc1f9a14619fc47da50562c8e8e9018640dfa375acfc4c2,casia_fasd,test/live/s14v2,178,0,,live,test/live/s14v2f178.png,18de65fbdb0057d2c682f2cbada840cdb0e724151bfd1fdf59de0f6a9a0c99d0,,sort by sha256('gpatbench.m2a_smoke.v1|'+sample_id); per dataset 4 live + 4 spoof; distinct video_id; spoof prefers unseen attack_raw first
fdab1dc9badb3be8729da7fbf7c4a910d7b934e605d6aa7ddd33222c0b3cd8c4,casia_fasd,test/live/s20v1,115,0,,live,test/live/s20v1f115.png,3fb70e837d82ccc0023c7ec0ebe876ea57d58723d787d644ad872d17b8123630,,sort by sha256('gpatbench.m2a_smoke.v1|'+sample_id); per dataset 4 live + 4 spoof; distinct video_id; spoof prefers unseen attack_raw first
24244e9c7ad7fba7ef2349f525b1ebef388a1d9a4424b9969b3751b9a75ab9c5,msu_mfsd,scene01/attack/attack_client054_laptop_SD_printed_photo_scene01,50,1,printed_photo,print,scene01/attack/attack_client054_laptop_SD_printed_photo_scene01.mov,3fe1670ab6c254b25308e6282cf44f454343822f26988ac6ba65f60ee46a3a1b,,sort by sha256('gpatbench.m2a_smoke.v1|'+sample_id); per dataset 4 live + 4 spoof; distinct video_id; spoof prefers unseen attack_raw first
2bc9f7dd35aabe23f2eedeb75aaadadef19cafc937a37f5ed021a6ed337f546f,msu_mfsd,scene01/real/real_client032_laptop_SD_scene01,50,0,,live,scene01/real/real_client032_laptop_SD_scene01.mov,9983fbf0a5bc2fd2489815121f77d9999e874b818b50019272fb408a029543cd,,sort by sha256('gpatbench.m2a_smoke.v1|'+sample_id); per dataset 4 live + 4 spoof; distinct video_id; spoof prefers unseen attack_raw first
5d554885272d57eba8c5954a9bc754796aebceff2af1069c4221e20a31e88adc,msu_mfsd,scene01/attack/attack_client050_android_SD_printed_photo_scene01,196,1,printed_photo,print,scene01/attack/attack_client050_android_SD_printed_photo_scene01.mp4,5430e81a9d34f4ef0cd18a937ae83fe99fd1e06feafd916a9600b5d7af539bd7,,sort by sha256('gpatbench.m2a_smoke.v1|'+sample_id); per dataset 4 live + 4 spoof; distinct video_id; spoof prefers unseen attack_raw first
654f6a64ca4d6d99d73e07dd52028a17dc514a2230e3af06d5eb45797ba6a123,msu_mfsd,scene01/real/real_client033_laptop_SD_scene01,52,0,,live,scene01/real/real_client033_laptop_SD_scene01.mov,6b7d239ff145a753c03902a2314348bdf74a0ac6e6a6aab87f72f3a17ca59dc2,,sort by sha256('gpatbench.m2a_smoke.v1|'+sample_id); per dataset 4 live + 4 spoof; distinct video_id; spoof prefers unseen attack_raw first
998a8c4e684b8f850cfeca113028a60a66890ffe66de23405619a05794304b93,msu_mfsd,scene01/real/real_client029_laptop_SD_scene01,50,0,,live,scene01/real/real_client029_laptop_SD_scene01.mov,5b07696c01a0c9e8e3a22794dc02f4e0361b29d0ff79d19c5726019880c45f99,,sort by sha256('gpatbench.m2a_smoke.v1|'+sample_id); per dataset 4 live + 4 spoof; distinct video_id; spoof prefers unseen attack_raw first
a5161bc2d2db5d5ffab4240838816e14c73b941631fb645f12527db06ae0b592,msu_mfsd,scene01/real/real_client049_laptop_SD_scene01,199,0,,live,scene01/real/real_client049_laptop_SD_scene01.mov,56bd484c13f61ac1b1bb8d2d989480006dd58bfd12da3ae0991ba774c2139173,,sort by sha256('gpatbench.m2a_smoke.v1|'+sample_id); per dataset 4 live + 4 spoof; distinct video_id; spoof prefers unseen attack_raw first
b55a4ddf130398f0a5806fa38194f37f6d9eb2831b4637da1b3ae9dbe1d08b1f,msu_mfsd,scene01/attack/attack_client003_android_SD_ipad_video_scene01,30,1,ipad_video,replay,scene01/attack/attack_client003_android_SD_ipad_video_scene01.mp4,d6c75ad06e2fd6fbed435241c674ac7b90a381ec2a47d1e5c58b7c06d7ca2fc2,,sort by sha256('gpatbench.m2a_smoke.v1|'+sample_id); per dataset 4 live + 4 spoof; distinct video_id; spoof prefers unseen attack_raw first
f6bdb5ad92f63dfd7704161504a17a7dba6560889c0e43a96512043fd8ad81ac,msu_mfsd,scene01/attack/attack_client029_laptop_SD_iphone_video_scene01,98,1,iphone_video,replay,scene01/attack/attack_client029_laptop_SD_iphone_video_scene01.mov,66b43702c0093dd39816685833c21e0a667e9b5b9a66b6f57ab67b1ff4c559e8,,sort by sha256('gpatbench.m2a_smoke.v1|'+sample_id); per dataset 4 live + 4 spoof; distinct video_id; spoof prefers unseen attack_raw first
09cbbfbccb912650a9f02b7242fd447a10c5bf7048b0ec59685e058557586920,siwmv2,Live/Live_750.mp4,93,0,,live,Live/Live_750.mp4,901435595fb3326ca9fd23c840b697d33e02913f47c726893a336d3fd91db94d,siwmv2::sha256:901435595fb3326ca9fd23c840b697d33e02913f47c726893a336d3fd91db94d,sort by sha256('gpatbench.m2a_smoke.v1|'+sample_id); per dataset 4 live + 4 spoof; distinct video_id; spoof prefers unseen attack_raw first
322276f887a2f5f13be74501e07b681aabf1fc287c194c3a3de03d5394201754,siwmv2,Live/Live_873.mp4,66,0,,live,Live/Live_873.mp4,57fccb44dd5f0963d80a964ad29940be6588e5346fe2ea80bf825adca76123ff,siwmv2::sha256:57fccb44dd5f0963d80a964ad29940be6588e5346fe2ea80bf825adca76123ff,sort by sha256('gpatbench.m2a_smoke.v1|'+sample_id); per dataset 4 live + 4 spoof; distinct video_id; spoof prefers unseen attack_raw first
354686a3b2df532c384846c88fb3e9c402717bd666b676736515257fd2d53824,siwmv2,Spoof/Paper/Paper_12.mov,3,1,Paper,print,Spoof/Paper/Paper_12.mov,f29c8b719d65d50daa4ac60cc8482677aa0ac0d1464ced0ec05ff6fac1d1f595,siwmv2::sha256:f29c8b719d65d50daa4ac60cc8482677aa0ac0d1464ced0ec05ff6fac1d1f595,sort by sha256('gpatbench.m2a_smoke.v1|'+sample_id); per dataset 4 live + 4 spoof; distinct video_id; spoof prefers unseen attack_raw first
6a9be8e060bab7f458f31fb693ad62854ee4de3702aacc681539ad0d03d2cd34,siwmv2,Spoof/Replay/Replay_57.mov,19,1,Replay,replay,Spoof/Replay/Replay_57.mov,c212b4d2809f969c8aa8370980db54cc21213a3f4e71088a5e1570646cd4d129,siwmv2::sha256:c212b4d2809f969c8aa8370980db54cc21213a3f4e71088a5e1570646cd4d129,sort by sha256('gpatbench.m2a_smoke.v1|'+sample_id); per dataset 4 live + 4 spoof; distinct video_id; spoof prefers unseen attack_raw first
765f88128472b55b13b7691a3f79376467b5880c1e8bfb8181adff760372cf4f,siwmv2,Live/Live_85.mov,188,0,,live,Live/Live_85.mov,7cc0d22e6c5bbf200395106426be16a157c6680200b18ac46a23737beb355f30,siwmv2::sha256:7cc0d22e6c5bbf200395106426be16a157c6680200b18ac46a23737beb355f30,sort by sha256('gpatbench.m2a_smoke.v1|'+sample_id); per dataset 4 live + 4 spoof; distinct video_id; spoof prefers unseen attack_raw first
8783c1c15d7a894490e1e48816828cba2e8e9f8e3c556c10ac0eecbbf63d5fe4,siwmv2,Live/Live_192.avi,79,0,,live,Live/Live_192.avi,970d99da5ee6ec09c835e2c46ddd0a032b83dfc97d63c5603f327e2dd22306f8,siwmv2::sha256:970d99da5ee6ec09c835e2c46ddd0a032b83dfc97d63c5603f327e2dd22306f8,sort by sha256('gpatbench.m2a_smoke.v1|'+sample_id); per dataset 4 live + 4 spoof; distinct video_id; spoof prefers unseen attack_raw first
c7a153f16b7102c31a8de12f53beb548d632037c1e512e600f7b151d4acd3fbf,siwmv2,Spoof/Mask_TransparentMask/Mask_Trans_46.mov,134,1,Mask_TransparentMask,mask_3d,Spoof/Mask_TransparentMask/Mask_Trans_46.mov,91f3bbb116ea4826e3b9fe059c8d8b9a9596a23a4a000c144c347a88484de7bd,siwmv2::sha256:91f3bbb116ea4826e3b9fe059c8d8b9a9596a23a4a000c144c347a88484de7bd,sort by sha256('gpatbench.m2a_smoke.v1|'+sample_id); per dataset 4 live + 4 spoof; distinct video_id; spoof prefers unseen attack_raw first
f04496d8d040eb680859c7e574e73a438cfbee25d8fcb4560f973b0e9b10f3ef,siwmv2,Spoof/Makeup_Impersonation/Makeup_Im_58.mov,131,1,Makeup_Impersonation,makeup,Spoof/Makeup_Impersonation/Makeup_Im_58.mov,7b02e8db97464ba3280a468f226e12ef35addd7ff514447bc09da0598e82d223,siwmv2::sha256:7b02e8db97464ba3280a468f226e12ef35addd7ff514447bc09da0598e82d223,sort by sha256('gpatbench.m2a_smoke.v1|'+sample_id); per dataset 4 live + 4 spoof; distinct video_id; spoof prefers unseen attack_raw first
