dataset,split,allocation_groups,canonical_videos,usable_samples,live_videos,spoof_videos,canonical_video_pct,usable_sample_pct
casia_fasd,TRAIN,35,420,3360,105,315,70.0,70.0
casia_fasd,VAL,8,96,768,24,72,16.0,16.0
casia_fasd,TEST,7,84,672,21,63,14.0,14.0
msu_mfsd,TRAIN,25,200,1600,50,150,71.4286,71.4286
msu_mfsd,VAL,5,40,320,10,30,14.2857,14.2857
msu_mfsd,TEST,5,40,320,10,30,14.2857,14.2857
siwmv2,TRAIN,1190,1190,9507,549,641,70.0,70.0331
siwmv2,VAL,249,255,2033,118,137,15.0,14.9761
siwmv2,TEST,255,255,2035,118,137,15.0,14.9908
