split,dataset,pair_id,source_spoof_id,eligible_count,eligible_ids_sha256,selected_count,selected_ids_sha256,winner_target_id,winner_in_selected,winner_d_pair
TRAIN,casia_fasd,PTR000931,5d10fca2959ccb07e8a8c04fe1f874c234332a30c09aa724f33cb8e9c4986ce5,816,a5f1018c30e7a8bcf12cc6c477d790a92fcd3e738b40ac29d496491b83656537,64,c530644cd4b057267af5f948b5eeadac2d9db4f4cdc81950f78f699020787f92,7b1bdc195cc010e2d14366483eb8e8224d77856f58b0728ec4715c1a31d7b226,True,0.1071866835660431
TRAIN,casia_fasd,PTR001897,bd271d70dc0bfa46e2fe6971e70bb86ae7aad7710a790142bfe479832cd6123f,816,bfe06f2ba75d72ba60c640167924fdd4e64a90c683eebd089c5c4db53e98fc16,64,121a89a06088e9989e0091c62ae30a0b2d62597c150fcaf44c9a575949f647ef,16efc761d39275eabbb4c1bc03eefe9930fa4cdad4be6bd33f0afe70a15357b1,True,0.16422017102138195
TRAIN,casia_fasd,PTR001547,9c3e82cd83b385f860a6b544ab8f00f80e7c7d37de88593598f633c08f37b3b6,816,9c3132d32a7b792189b1185b68b91c8c2309f7ff33a3a1b31743ed52c0e7f09c,64,23535325c04790e105e0a2f95befcbc778967ab125d7e87f4c3aca62c5af635c,22cce5e53011e5a44a21989197ac4c021bd945c2d10e8fb16fea6674484c568c,True,0.2913028741330066
TRAIN,casia_fasd,PTR001799,b4728be53618443711c003c204c6ab428502b67dd40ff9156a49211e4c2d12c0,816,bfe06f2ba75d72ba60c640167924fdd4e64a90c683eebd089c5c4db53e98fc16,64,a38cc67fdc34cebc5380756f7b3b2883a07a9279f6ce11711fbb3a04e15f7458,47a9ffe342e3aeaf160158cc96755ef9c51ebf24164375ddbd4b585490a55f1d,True,0.30982478794329865
TRAIN,casia_fasd,PTR002319,eaf814398045b5648443bee0b43923562a0c4f511eeba5e6ad411a67fb2d3712,816,77cd44b14b8d0f8f514abb320bcff2cb2866051bee6ae1fa7bb6a99b19405c58,64,c86ef521f9b9cc73aa4f9f582f04168b330c1114a238a4b1212e41ff3067b793,f379e9b6790a18612a9a834d653dc5ce526352f3826d3836e121c5dfd4ba65ac,True,0.7272392760001601
TRAIN,casia_fasd,PTR001451,92615cc7b2d250f0f81e2cccae2f8c9482d1cdee2ea6b378b16a8b592252fda9,816,6cccd1017322d1d1a26d651851c3b9d297e3d2dfca6f72bd158bb1ab69fc5d17,64,ddebfab41335ad8308865ad59fa954898cc47962a9db31eaf8411ff5e3f505e4,919735995a0c2ac1ab96d3fc63fdab80b91bef067042b255f504f3684d47934a,True,0.11894721831421631
TRAIN,casia_fasd,PTR002408,f3ecb57e9ff8d518a0eeb56b6d9ea22dc56f6552e81707a4f9089237b12ec667,816,9f69292ef2cf43e682e95522b6edfd704347f785a87b862611bfb2b965e3e9d9,64,b7bf3ada392837997a7b80a7edc79ff883c6b3dbfd17a8cc80588b2f548a2838,37bc9e5eeb33923fb2e6504720f924f56b8dc848f11a1331bfb9491ca2909e22,True,0.4548388123599141
TRAIN,casia_fasd,PTR000645,3f2438c2a805a4e1797eaf784daeb1dd4126d9bcb9b485db39fbb4e0c6f4608b,816,f50f7822c493dfc85c1bded4843a08123c0c156b911c3214d98642c34dfc4deb,64,e69255771ff47b93ed7547a04a1a094c77b28b0d92005a52fae325774a69857e,8da487e241177365d488b7d2d4c79313307844e0a9c3bd54db4b842efcba6898,True,0.1384743540901619
TRAIN,casia_fasd,PTR001759,b10c17a702c66662f1c551052046ccbbe50afe162132735a056d2c42d34c4998,816,45094a071a13d3fac82d0214178134ae309e353525eea259ea6259118fee4ef3,64,4db4904a3cc826139c6e445f32844fcee6a8f9f0e278dc6ac16edf0c2521db2c,37bc9e5eeb33923fb2e6504720f924f56b8dc848f11a1331bfb9491ca2909e22,True,0.3246429788448142
TRAIN,casia_fasd,PTR000913,5b2c0bced5fe7ed4dd2392c7871d4d34d5cf3f341b45e58c947edfe7dbf520dc,816,32958b8e259b7a0ccefe44e1348178f34e606612500692f204ea0087c1714153,64,3c2c0ca72f7f2402200bf43a34480dafd3793f2f090d38292f4634215366dc0f,31f28de9117ea9eff84a11e056b5d3b5a614ff8d8d037f3b11bcef1dfebe5a34,True,0.2252686332080477
TRAIN,casia_fasd,PTR000809,4ef701d7159f8ccaa64bca21f35f17971194e2ccef42140b9c0ac5470f037bfc,816,597785f7a0f34d57422a881a9846c251c46fec5057fc0cb0a5bd47ec277b0864,64,18393db0f87e740cf4c7986ca1dfad794fd3ba818d64cd43836e1b625619b993,164a732d5b089b98193d121acd409e3fb219785e6a8a41cad556903a0dde86b7,True,0.4031893649926545
TRAIN,casia_fasd,PTR000024,01ade3fde43e553c03c5f1ea779c7468abbd33c416ba874af9587726d54192f8,816,a3df0b1fd8c4cf918510e813a2d18c902f38c8205667bb50c1150971d8d8ebd8,64,07f7bebe8edf09384920a1f71f2e33d1adca6ac605656c60ffd26195f9d7d259,9b45b75dff9e322d0d595c7161ad415b23d01eddf2f0958c07eec47da9096559,True,0.2700286196896818
TRAIN,casia_fasd,PTR001939,c21a25262dc9c4ec805a1133d554284a456b46eba1d44cf3a2cf6c0025696358,816,365da221c4c0000b3f5234ec7bf1edc09e2f803936e78789491efbd37688edf2,64,af1f3bf3668366f66f9a67c4f43d6142a326fdd4772135f63cf03902e07f42c1,1c725078e9bcc32248e0409978ca595cda375e04a6f2c352758ca8425dd1e6a8,True,0.14999028653167423
TRAIN,casia_fasd,PTR001150,73289a700652e886bcf2fab18d06a13b4f5296bf28ed3fb82ec2003650cd6dc5,816,3755d01f75511d88902ca6309f07d7106b53f61a3471b5cb42a1f4b0954b523f,64,b0bac4fc2dcb0f023903720998bbbf2fad3d5eddd3433fb4e2184fdfd32a5537,7e55126a5a40bd449fe8be0b19cd95c8ff9430e9ad0cdaea0bca987606d7469f,True,0.30369028067038795
TRAIN,casia_fasd,PTR002414,f48900ae482ab62cc0ad937f7c98d67c44bc2858c88e3be6621bae396f0422d7,816,a57e31b79e2eeb3faf891ae50b32e887fff5b56bd4315dfbd2e3e8ea5e5cb2dc,64,9a292d0684835ba39a3aa9e85ca8900e6977cebb388fd4728b93c5d751da73a7,bbb2bd13709c56ad8ff86e877245f976508b6aa5b7a6fdf2f9c9dbf7b1cab229,True,0.10305450758404527
TRAIN,casia_fasd,PTR001129,71ae5579547c9b8ec887f442b56e662d1d2ef92848392cf082c67340937ecbd0,816,3755d01f75511d88902ca6309f07d7106b53f61a3471b5cb42a1f4b0954b523f,64,92fc19879c018a0055411478c32566b005ce3b01e6478d7152fe266cd28c506f,dee5a79eefe143559598f79e7f42bca53c2eb36a715b7b7f80182c02a034c031,True,0.41752560691958196
TRAIN,casia_fasd,PTR002327,eb9e53d5cd97d759dda359b591fe7b19d0e22b5041974329e37a6edb5f816dde,816,f50f7822c493dfc85c1bded4843a08123c0c156b911c3214d98642c34dfc4deb,64,ed0a410cdecbda82f303e77f025a4de72ac785608fdcb6aa1145a238417b263d,3b44e2b04dd67803724e49e9efcb82140874f34a970b488f21479b9e277380e4,True,0.22671035991660954
TRAIN,casia_fasd,PTR000576,38e396846051d910554502cc704f36bec690658f1e8d41f03067eedf492e62df,816,45094a071a13d3fac82d0214178134ae309e353525eea259ea6259118fee4ef3,64,d2e85c68e735fa6ee08e40de12a5a8d3db33b1bf7bc8eff263dc1958c5d1647c,14507d9b9c8683c297c977403017d6269098dc08df760dd569ac23548a50428f,True,0.11277304606857466
TRAIN,casia_fasd,PTR000259,17ae92ceb9f9f67a3a94ec5960a0ce8ed4c7c4dd3ed487d9432e40b848c47808,816,a3df0b1fd8c4cf918510e813a2d18c902f38c8205667bb50c1150971d8d8ebd8,64,a320ff02a806a2cdbb995a5bb6312bda87288c1e5dbb0f26ea58582b1bdfeb5f,3e9f9a4c8f6e15a25cd2f29f12bdfd9e0372e21b69fa98e04b4d5064fcea1efa,True,0.22997755524418886
TRAIN,casia_fasd,PTR000096,09a3a6bd5c88cb656bd87e47dc737d14d594575702e721e1fba40e4ae966cc30,816,32958b8e259b7a0ccefe44e1348178f34e606612500692f204ea0087c1714153,64,98fadfa8290237c836068ccdbd2a19607565d6402d45c6fd6b5d5e10aca019f2,4b722de983c2a116ae37cf8fa83675dc7f8e740c021904d3cf658617baa15001,True,0.35507129120549774
TRAIN,casia_fasd,PTR000595,3afac69bfb34924bd6416cf61b8a7952f9da3dbbd8676aeff0cfcf8f0b47fad1,816,a57e31b79e2eeb3faf891ae50b32e887fff5b56bd4315dfbd2e3e8ea5e5cb2dc,64,726604e41e25807c40c6c43ef418bed3140122a50b500be7e47a00df609d55fc,b2e1617905cc9fd05be166789f69ba345ee3a954e466d2c6dc7a545fd81c595c,True,0.15731020069459584
TRAIN,casia_fasd,PTR000386,257f590bf537016106441e07c09705eed867e4a75fc9bd7eb75665d920bbaffe,816,a57e31b79e2eeb3faf891ae50b32e887fff5b56bd4315dfbd2e3e8ea5e5cb2dc,64,c7d34dc8e8d99afde92ee1601b9020fd8760e936791211755e2d39674ec8a328,c1be164be5c58a53087e0318456b869364f61c7f3c93d21fede5c1639e7f1d51,True,0.22408856183695974
TRAIN,casia_fasd,PTR001745,aeaa926333f82d9825cb37fd2a0ffad4832a21b4a3c21481a261e47798b6a92c,816,f50f7822c493dfc85c1bded4843a08123c0c156b911c3214d98642c34dfc4deb,64,3232fce29361fbd6810a176c4b0b65cb9beab87bcaa0474f796deaec9f4d463b,a242ef241472ba612817ca2fdac35934d5346eef864497d73d52ffe707d2e9f4,True,0.5086476845644207
TRAIN,casia_fasd,PTR000482,2eddda747acaacb8b71e912f6b10b4157f90ff7632d5d02b4afc8a8cc5c937f7,816,348d0540fe11e3145415627da858d75d2662fb07f9b676a9abb08096e19000aa,64,dd7c06c3c23db30a5f6a4231940f386266e8d7f50282c49ae69aa73f33ec3b88,97a4c85dff84dd7401e0abc9f1cf225f230625643c222c9367a69ddfd9503046,True,0.4442823776442163
TRAIN,casia_fasd,PTR000689,4347b9c2fbddaf786b92499753bc8a214673f50c8c7b118f4e2eddcb5bfd5027,816,2a921201d38193aae95b4d0809429ec6c96dd66d88ab89f753e5a9f8f007b29e,64,9be198cc370d7a9ddcb88a9e32fd88177af00866e47083a3e15ee7a83b8d5bc3,45d2761b120126522b83a9e2e36b97e2c55d5a05cf29e6894cf0fddc78bba80e,True,0.39604333090357274
TRAIN,msu_mfsd,PTR003447,c05529f4c408551bafcf6674dad298b2f17bc2f6c7a5eadc407847ab555e3e88,384,5637b4a4a085a3620a5ee0ff2fd38f632e797d9bce001dc93297b64baaa64464,64,2d263c65a3844d7ebcf231833b2e243906c02144b36e7f478e504049c5a7093d,591013c2188ba15c2ac22fc1cb4b807b4dbe124bd93f7ce5819ddf79e412afba,True,0.6610119513606942
TRAIN,msu_mfsd,PTR003234,979b5bce4f99a26f52c7ee329d68c49f1866b9d26bce03acb83a4f7689f13291,384,8bda3c6945ba35105aea322126ddd59e8df079d694c42663392a36e655b98048,64,4689aa8820960ac5fa6d08201c0b8256edb5ac61ffc79054fdd74095c6150a7a,3ca6be1ac74353398932b8727edaf9f2cf6806a63a5c09d8f7b95079783a08ae,True,0.3571743092911371
TRAIN,msu_mfsd,PTR003546,d63962d394095dfa2daf75d9b350f990ca8bfd2b727358f6038d65ad44553729,384,314cd3027116d7f5c9e3d11ef5d89c8bc1051c5ee465b8708a6b4b40437d284a,64,de9eb5818cabaa96c37e67bd8b4fa59ef000eb8b7bd8a8b35ac26bb6441154d8,769be96791b00c101c5677f2266b5f9267956e7cd8052aac4687113eff83e02c,True,0.48123946010285773
TRAIN,msu_mfsd,PTR002929,52e63ffe811ca4290fe0884479cd247de61bcbab5ad4fde7655c7c33602be77b,384,95f51a79b9b82b8a36b050d757b8615ae7c0a451b0b69936a8c024cf7056afbf,64,28234957207afc4ed60bc8fef9ae007fac903ddee1a812564c88f0990c6da39a,5fe405953e7b36cabaa06c09f53bf6984a088e0950f51dcc47020d32f8e7930f,True,0.2765363735125431
TRAIN,msu_mfsd,PTR003377,b418ee05480866d94d07ab309bf36c4943ff3df20b572685013fc070d8466576,384,040d2d0da17f83261141affe05b8aba5b193603c43dc9864353068cd41acc183,64,f1a44523ce4b31ca78e1fedc9f9655f4bd267a93a15fe3130e470533e8bd57b6,455129a73d58e2b28be390c3100ff763e87ce109100044fde32ec11169b91e9d,True,0.3459362089158099
TRAIN,msu_mfsd,PTR003549,d6fd2578f3acad279ff94a1f5076aa37f007cbaf3548eb93da17a88cd980169a,384,36bdb4c7b68e3d96d1e3952e11a5c40a06181d42941998673a805ca2d520c161,64,5e8844b73b7aebea11d29dacd2ac0f901a9ca09eab3209cdd82be1414fdebf77,d2b21b7be802d93dba0f71833262cd399444a525bfc20da6d892cf07dcfab5ca,True,0.3634047742768793
TRAIN,msu_mfsd,PTR002953,59c511745a9f7621312e25c4c51bab3d7f4bf9fd387d2f3782436dc608626f80,384,03d8febee7ba0b697cfc99972ab7aa8b829a68715fa2d1ed4fbb7994b5555751,64,e937042f9fbd2cc1494bf373f8e39aa0e98f0609a1e9d39b29a58b41118dd8ea,41c6c5912851e7549068ace2ac4179e2e40c138813d07863360a1ea85988e0ba,True,0.3521621786947632
TRAIN,msu_mfsd,PTR002999,627c92ba7e9b7e4427cabb4f4a782cb661716ea96d5bbdf6b28abe58cd7a5728,384,1fe9e8564b049d635ca78f6e6e96911d9bcd1cfd6f8a209e0e1f62013ca9ed90,64,7bf2dcd1c41b79c87897efaf42240e8a6f70563fce54fbd3839eb8cc8b7318cf,e33af263ec5f5068773b80e1a5a72e56afe3bac2de68a14a30873e03656106d8,True,0.6544982580316978
TRAIN,msu_mfsd,PTR003594,e1cb0d941b6dca76b5ddf2ecf10633662cb82c422610f748c3ce21a5a030cc7a,384,8fbd3bfd1e82c06c7e85a010929623249c8abf46fcea7c1dbcbf2a7db2123c2f,64,47ec15668a4813d5faad8c7c38773ae488995d05f21eaf8e8725958ed6b82172,f25da02af8dfe63bd81d6cc1c0a833f3c5bd8796c75bcd065d9fba6300c896aa,True,0.45145266794014716
TRAIN,msu_mfsd,PTR003540,d509f81bd8bcd0958361ece24a288a95805354ce64fdd1969229a1ebefc47101,384,8bda3c6945ba35105aea322126ddd59e8df079d694c42663392a36e655b98048,64,774cec50d105e766a116b8ec153040e0033a15672d2d7f59d0dfdb6edde7c8f4,558747a220b2c6085633817eb1c60544396c7ee62dbb7977d7b56f075b3853fe,True,0.46099118745453876
TRAIN,msu_mfsd,PTR003485,cb159c227ae46a03fa316fdebb9d48ca86256d418abca792de28798389ed956e,384,040d2d0da17f83261141affe05b8aba5b193603c43dc9864353068cd41acc183,64,53258212fc51b10955d06665acaaafce634c36184d9cf8ae3347bc1118f7fe81,a2a7ab53f145120955fc7c565c303dfcba97cf8bacdb5831a711fa600c9636e3,True,0.2500549897946673
TRAIN,msu_mfsd,PTR003374,b3c2022e15a85217548142f7bf9200c6472dfb7cb7b02f2af82989bc26ab8003,384,03d8febee7ba0b697cfc99972ab7aa8b829a68715fa2d1ed4fbb7994b5555751,64,27b3acd6d422f0d5f55201dfad8717d4a413fbad145a86a65176aab4241919d6,dc0568d82a3b650876d007b94440346b16bbeb5117088aa53efac43f2f53b7c9,True,0.3773639336289243
TRAIN,msu_mfsd,PTR003596,e2dd278f66a44316b27f0e694fcb656ce6d5223305d2dcd269e31ff4649ab767,384,91949af1689772d6fab6e5452f892947395c249d614e8662f7ac2384b8d9eeda,64,7413bc35a6e786aeb785f034c56078f99d4bbc8d0eb2bac002fcbf78080efe9a,f6a4f3d06563c42edeb1ddb87132f7a21d11d288ab2606e36afe64effa35f5ae,True,0.3157547817454183
TRAIN,msu_mfsd,PTR003498,ce1d957747a3b329de7b96ed3d36ad100c0b6bcc34925e6ec1c1e9590f9ce3d5,384,eaf76ed24a8663cfaf14ee684cda0ae8a430283c55341d4a68737ce1e9c15c94,64,6b34ebb1ed9caeaf5e253e97b1df0ef1d922db628a614c912cf8a57b8405ad83,1f6cc0e82139c1ac19016fbc8f3d4606ea8541c5951b376c25dd82ee19cb56f0,True,0.4841116386524551
TRAIN,msu_mfsd,PTR002741,2d3aefafa0edbb09dcba80892b77c4f68d5fb7f9c02c9685946bdb28c844bd0e,384,8bda3c6945ba35105aea322126ddd59e8df079d694c42663392a36e655b98048,64,40dedc1c4c079f99df4268c02c925153eff58892a73fa4ac28e22b40f406a9b3,0840b504268480bdf500e9c4ad0c3ee233a24597d0a6b7a4ec47d4a1e1537183,True,0.2119031867667855
TRAIN,msu_mfsd,PTR003561,d94390640e007b321dc04460cbef5feb96588a5d05b4879b6a7860f9a6d3ce5d,384,8c668b3230d06540f93f9731458408386f3c62eab2662d220f80fa622e95c442,64,fd48342290675bdbe94cd3f03d1c9291b0861435e75c5ccef67bc845c18ba7c2,787dd6b79c5b641723bce9660d09d2ac9a43667fe5d521397c912754071656ed,True,0.7919756852459032
TRAIN,msu_mfsd,PTR002959,5b1a66a122ea838ed2d2535445ee1ab61ba92b2a56daa71fa7dc4383b1948262,384,689ee2d3daae08481d667cd79c9bb98a9bd29dcfe361b54455f2af1b60e42352,64,9c59a85a0709b4ccc7c0b0cce56317c7ad9c0f793ce50ac6804bb566ce6ce12e,558747a220b2c6085633817eb1c60544396c7ee62dbb7977d7b56f075b3853fe,True,0.75660900297961
TRAIN,msu_mfsd,PTR003622,ea034c4fb44814fe3168132401b0f74fa0c229d68b0d626d38e0fed0776af40f,384,eaf76ed24a8663cfaf14ee684cda0ae8a430283c55341d4a68737ce1e9c15c94,64,433eb7509612fc699259634a63ca38a7a63a0618f88d74ff8af3b9c27f243c74,beb7cf82053a2ab87cb1c1c23a583041e53e9c33812cd2c805fbabee4113403f,True,0.39149974993758335
TRAIN,msu_mfsd,PTR003366,b2b9cf8ef7ed74685031b7fc48d344e29b105463a7ae6237bf6473bd38126ee1,384,d4b15dccbfb5d7b7d95b2b73ae7920796abee1a7ee7a445d6d86702db9ccd23b,64,2c2c5ac71b937d4e743ff8814024b09482c5a71feeb542ceeaa585703b2b80a7,b3bd815ae38f39edd245bfba3eff5ddc44c9da6953fd61586156a86fedc0fe8e,True,0.4462337142175107
TRAIN,msu_mfsd,PTR003638,ed9b8f998d43ffeec02302ff1ce1ebc734e114c894fe663d272182801a27d211,384,f5fa7d6a4df415baac0f5387de905b2fac8471cadb558e6f55ab173b3407e62a,64,602cd9482dc61c5621214715d9a476d4d1a302877dde0c12535cbf0d3b69d800,9c2991e4d74dd9aa43242e5e907c91066d817e624b5ce9c460fcdd9b72f01c3c,True,0.7962798641200474
TRAIN,msu_mfsd,PTR002538,0552e9b1964960dc23f2d81455c14af1087a8b1c27092efcb651b40ff1ef3cb4,384,314cd3027116d7f5c9e3d11ef5d89c8bc1051c5ee465b8708a6b4b40437d284a,64,42d44e18e89e137bd18e4a625d7f1f01a88432ad8007693e2f8030dbef487b48,e1402ea1470ea4b6499ad4d523942d058f2ed49e65157042967e0f6da443a2a3,True,0.6464721932255578
TRAIN,msu_mfsd,PTR003104,76e25ac012d14d95bbd3e3701076a02f386fe0491fb590cbb71413c5919cce7c,384,95f51a79b9b82b8a36b050d757b8615ae7c0a451b0b69936a8c024cf7056afbf,64,8c1d3c635c600c5c52ba9e0fb57815189fbc490c6b8ecc4e8079ac6c73b579c6,3ca6be1ac74353398932b8727edaf9f2cf6806a63a5c09d8f7b95079783a08ae,True,0.403952826914634
TRAIN,msu_mfsd,PTR003394,b6c8b75da34e18638446ed2db7f548524601bb61108b627c5d3a97e9b87013c1,384,131a7e3641fe53aa6f2129cb65d82bd0640b570f5fd750444f74683b36d6463f,64,e739f55732339bd3c178c6ef81e5c96b5a18d304ebc1401ad148c7a52504d2eb,c05e3a153b8bb6f1aba9e7bc9a409bb8d343ab400bcc7c24d3a109e64fb2a73e,True,0.21665165711245168
TRAIN,msu_mfsd,PTR002853,43a5fe598667bd9f7cdbd248012f522817bc8c284378dfaf3739918bb29c9a4b,384,1fe9e8564b049d635ca78f6e6e96911d9bcd1cfd6f8a209e0e1f62013ca9ed90,64,e32152aef8ad009e708c9c461fa6500640c394a07f8bf82a19638086a4065aa0,b05a4eee8055ee8ac59ce60331ca891d41559757c50567e4026ebc4475232bfc,True,1.014711248855375
TRAIN,msu_mfsd,PTR003720,ffbe72f544860868792a11f802b7ce68be57cac62599b7d89b0956c71037c539,384,fa194c993a39a77dbc5c6697b6d6d46b708e1a5679dd014466912281d0a7fc13,64,e90e7ffca35a902595c180f866dc58dbf8496ef2d9ddae2bab226e8ad5c260d5,21cf9fda48644bc5ecbfa623e421927900bae53ae6b29ba578fb978f5ee50085,True,0.42895361935315235
TRAIN,siwmv2,PTR004653,2ee77fc80186562ca2f423c82e8126dd9af3d1409086e6c508715701b3272198,4389,7c6f383e88e259db5dee944cb2632eea1125fbd1d638f24352d336dcaa1dd856,64,50f394d78260d8c7e5d0deaebd99c1e9f97ae4359d50f98d027340e3286fc600,782a793a9b4f52f65fd65a69aebc4c5b49507a468acac99af98fd2ddc40188c6,True,0.0992263983459869
TRAIN,siwmv2,PTR004303,1df24ca740130f78cb69a935ded68a545921bffd2e5272bd477787a2d9cb1060,4389,7c6f383e88e259db5dee944cb2632eea1125fbd1d638f24352d336dcaa1dd856,64,115b3e9b7d9c202ff11ad8b07acf376e2ccde7f22da09b62a626ec0d842b6082,7d673a2b58073f8f3b9f27354d7ef0106c5ee47852fd361fcba1100f6c88c7bd,True,0.31471818947546765
TRAIN,siwmv2,PTR007866,cd56ec0ec7fa178e9e1431bb457bc4fbd07cf13b55f77a4aabd0ad3de01f561b,4389,7c6f383e88e259db5dee944cb2632eea1125fbd1d638f24352d336dcaa1dd856,64,ba498d5fb3a6b81ca249b18bd7c5ac11e0d34f458f18144e3f19e1fb5cdcc24c,52b5946838c124f9344fbea4bba2dfb637c2da0f372cb1e9b59c421e654a9c94,True,0.6719575464753288
TRAIN,siwmv2,PTR007585,bff0415e70955bc8761101f65d4aa83748cde772730326f23208c68947dbc990,4389,7c6f383e88e259db5dee944cb2632eea1125fbd1d638f24352d336dcaa1dd856,64,f19335585068971eeabff8774a5cb0fb74d6d3af2db64461007a438c4dcd344c,715e83d9c2597129c9785b401ea0ccd99b81f86e664bda2aab3e053f09218a94,True,0.9402387989828646
TRAIN,siwmv2,PTR008748,faedc61bd292bbc6a213ab95430f4cd512d723753bbde6543de8a4c3cf5a99e0,4389,7c6f383e88e259db5dee944cb2632eea1125fbd1d638f24352d336dcaa1dd856,64,787c09a2d0f4083cd57b261fa77234acf98dc3fe48f000b79ea738063a0cdb7a,82d06d8e3614d52bff013afd86978ef5ddd7c0b12acd9258b9d1d2f855e3936f,True,0.46608018030106635
TRAIN,siwmv2,PTR007881,ce19f7aa866ad5835c0868eefa74963a9a3b5f18a7cf62572731d95a38250721,4389,7c6f383e88e259db5dee944cb2632eea1125fbd1d638f24352d336dcaa1dd856,64,47a3f28b4c86054414702f016c9138f0d0bc93cd3bc671c50130d6acc03de406,bd2131f470f1f3905d85054cea8568d94473c8931b836755cbc378aa49574976,True,0.25381815307481653
TRAIN,siwmv2,PTR007085,a95485e413e5afa8fd69446e39b285a8809f54c843ecd7fab9ce57ac1d6305ca,4389,7c6f383e88e259db5dee944cb2632eea1125fbd1d638f24352d336dcaa1dd856,64,17f11064f872ce059bd89938e26880384b241d1c4875bf96af797a2df67c8052,d227c9f7358fd76a4b6eeab2683376ef6d32ec5ccc36437c2e607d8d322af9a8,True,0.28130560257703974
TRAIN,siwmv2,PTR008702,f8a074bdd8cbcb50aaf2804d1b328677915e43cb677d64d0617b96174a3fcefb,4389,7c6f383e88e259db5dee944cb2632eea1125fbd1d638f24352d336dcaa1dd856,64,6be748efde4aa6609ab7312d016ba44d9062e521920baf27e8ce9e74fb3425f9,4df3c15e67e363f8ef9e2a9901e3719d3893ba4f3ac2a66c5ad170a19f532ad5,True,0.19508629699386398
TRAIN,siwmv2,PTR006769,9ac2a04220b78b7318298b91ebc2cd4cc332e1803c71a54bfd75df1451d368b1,4389,7c6f383e88e259db5dee944cb2632eea1125fbd1d638f24352d336dcaa1dd856,64,7d3fdf2c282031acd0d2b29d82b939e8957059d44ec6a1b8acb87c8f1353792e,aabbc8513f8e9e633fc4f2c9ba6b0943849424117d5469ac5b1795e92b3e5937,True,0.2436703514322901
TRAIN,siwmv2,PTR006667,95f93bb0e50b2a9974def541d38ff468bce4189d3823b75fd9f9490d22e20a32,4389,7c6f383e88e259db5dee944cb2632eea1125fbd1d638f24352d336dcaa1dd856,64,555fac096541d1cb6dbf409aeb1b5d08f50244de6f2e4f7d566e807ecfa2f761,0800b0cd72c3e1ca0f02eccc4509fcf9c0a209eab87a9d40cf0b4bfb4f24edef,True,0.24077055673608533
TRAIN,siwmv2,PTR005397,553b1f7ade82b513fbabc71eed1c9bce826eda194d455f3535c74430f56e0dd7,4389,7c6f383e88e259db5dee944cb2632eea1125fbd1d638f24352d336dcaa1dd856,64,0968e3d919f5f7d8b725f3a6a5c7b24558a977d3e4afc37d998b76ff49a73d11,3b36477056924306f82083313b8d95138dcefac9e9ba6b88c135a9b4acfeaed6,True,0.9525330574826764
TRAIN,siwmv2,PTR006403,88049d708596beb400aa593b6c7427294c716c67c9b48618d9cebbae6acc54fd,4389,7c6f383e88e259db5dee944cb2632eea1125fbd1d638f24352d336dcaa1dd856,64,6f524669ba28a166ca0183191b6334e097a6a5edd4428088892a6f23b33df38b,87d2d1fd54493298eda8d9b3f29796ff016cf8fa3cab2e03b0573bfed00a9cdc,True,0.3050281356964684
TRAIN,siwmv2,PTR005029,43373d4a0af258c0cfe56cc18df9ad4c4f1d602f6a3ecf06ed20afd48710fa23,4389,7c6f383e88e259db5dee944cb2632eea1125fbd1d638f24352d336dcaa1dd856,64,9d8b696970cd8674fe65aa334fa432a0f3374b94b1ffdda2340b2aed25908650,ad2fe7ae0615528d9abd111c17d960afc3e69e612060018f704c29602574130a,True,0.38432878080867977
TRAIN,siwmv2,PTR006190,7d66202225433006fce38d8bd92f3e323d0d038c436ff4c5d3dc27bec3f0f0da,4389,7c6f383e88e259db5dee944cb2632eea1125fbd1d638f24352d336dcaa1dd856,64,d3b0687b70fe52cbb9045c5650c7142871d923854ae2b73dbb706e3537f5263f,ec18a963063ba9f1203a2d2bc4fd61b93cc8fb32cd657ee019571f7a2463ff4a,True,0.3083639116026321
TRAIN,siwmv2,PTR006810,9d1c41a8d5c4d311c12f78154cf56dcce023cb88f9aa5b5de3463ba636b253e7,4389,7c6f383e88e259db5dee944cb2632eea1125fbd1d638f24352d336dcaa1dd856,64,bc6b71e9bf05f57a5a0ffeb47434d08c7495d076d338d26aa7460daccde2d936,93db668701f05c31ed98fd783ee4f87225ce700b406dd02351920564d1136c43,True,1.703483837951767
TRAIN,siwmv2,PTR007987,d41875f5998b4674f332b4ccda9c9e4b58834b44f8a5bbb9c5b0526265b76578,4389,7c6f383e88e259db5dee944cb2632eea1125fbd1d638f24352d336dcaa1dd856,64,992f5807e85c62a76a00d266e9c1e3474cde7ca10cb366b52a096ef6bb3fdccb,c01771c198a326017a1c05fa135a89def546229e113c6e07156d2690aefece88,True,0.34429227983131305
TRAIN,siwmv2,PTR006909,a10f09847d7708d38c7d7efe5364fa21cb43a4916814fb0453443f7f1b6665aa,4389,7c6f383e88e259db5dee944cb2632eea1125fbd1d638f24352d336dcaa1dd856,64,9641368d7bdc37d4ea667b836de26eb31d45f91f7caa90d859d5a6b75438a602,1492bb416f693eb41b589dd2ee64b5f8fb2f24a06f414b283e347c58e56ca34a,True,0.17979465820230023
TRAIN,siwmv2,PTR006585,916a3ec7505787c197ec84d7d3a1fe6ec7d3cf85690ccbccdbf55e7895303292,4389,7c6f383e88e259db5dee944cb2632eea1125fbd1d638f24352d336dcaa1dd856,64,4380b1c7f67b5dbaf08b2250a33aeae4d95d5b3d2c65b5ac8ebc0031ded3b5b8,2df2a37f8b730e2210188bb4fd1c2f2db57a4a424468abf0a150f3a81b4841b0,True,0.24761658016609767
TRAIN,siwmv2,PTR004166,1660cb3486deb2a85517686b80585ed158823a4a5ed56862427f2ec54f8ce7c1,4389,7c6f383e88e259db5dee944cb2632eea1125fbd1d638f24352d336dcaa1dd856,64,db6806b0e733c76791d4fc196e9011ca335785640b278184f8270f812fe00e77,f765354c7e01688ddbab6409f4626f5cacf850801b373b8d340153f565802ed9,True,0.42213195908590256
TRAIN,siwmv2,PTR004069,11b86d9d6cdca82e6595916cecc676e92d6f588381005b7e2b5a4a9447242295,4389,7c6f383e88e259db5dee944cb2632eea1125fbd1d638f24352d336dcaa1dd856,64,489af0ee0e12e32f6dded0d1b25f024f016c8f4b50e329315137a5913f9895ca,58f48315a8cabc480f1cd63038cfaff29a45f6dad2195ad3b5049a6de26324b8,True,0.36409175860436105
TRAIN,siwmv2,PTR005185,4bfdb3d2ea14a819749fe60311496657d9232f16f11f5ca545aa52c78412e1b8,4389,7c6f383e88e259db5dee944cb2632eea1125fbd1d638f24352d336dcaa1dd856,64,4c0bce6abc72f577fcae082ced40aa1cfc79c5ac2c179ce2a094c7a1a610a882,fc08efafca5dc7010a2fb733aed30b1815bf05fe4f51f3f73e55d7d1bafcea85,True,0.13945904491865252
TRAIN,siwmv2,PTR006926,a1c11f5212c92cb07e1fb24a29e2cecc763cbeaf0d84eed4eab922fc6382f578,4389,7c6f383e88e259db5dee944cb2632eea1125fbd1d638f24352d336dcaa1dd856,64,80340139188fb8680e6c74c7376b18ceceb9398dc02f4c25006db5b1a8bdf391,b4a3ad4b7790156535933381f2e0a8280f3d383e4932e83b2bc04eae5e0491e5,True,0.3862627703794379
TRAIN,siwmv2,PTR003862,076b36fe60e71ded338f72213654f39dc74e83d86be1934078eeff9ea4a13cf0,4389,7c6f383e88e259db5dee944cb2632eea1125fbd1d638f24352d336dcaa1dd856,64,26d01c00c0779906d507e258b9c69368d45d8fc6e72c7576b7dc6be4cccd6442,c9c8a2357450b0dd610f11ed4f09a8335ac7ea2a1d09ecbc5749343746a98368,True,0.5004065947528386
TRAIN,siwmv2,PTR008201,dfa5dbbf5c74368fb05f53eb3734adf3c9db830abb16244e73129ff808092f8f,4389,7c6f383e88e259db5dee944cb2632eea1125fbd1d638f24352d336dcaa1dd856,64,f19956cea6c4631ef419d758dc336d20c868c9113fef16b8e36dbb5475f5e81b,7a50b0258ee5de0fb1d37871903d159048f07694eefb1c7c46967375acfa0b8a,True,0.987488945151994
TRAIN,siwmv2,PTR006100,786d9bbd2c39d6472b5be0c3ec1c5803366dd40b2e6369afe44b89b0a6b9031c,4389,7c6f383e88e259db5dee944cb2632eea1125fbd1d638f24352d336dcaa1dd856,64,ca88706d819a9b1257cdb5b54e6045a583ec4d530a29b65ecb949f128fe98af4,a23387b50563c183d022456556d731229369cc850587423e8f9f815b7d045f3a,True,0.1493669559648195
VAL,casia_fasd,PVA000175,4e8ed5eb3360dd1e415a1183406ffc9823e8cfe0b1b9ad7fd5f81d9a281cae32,168,e9be2ba1857af2b3bc574fe43a51594fcd869cd114de841a726c82cfad55c3c0,64,16fc8b4f452ea147f13ffaff2df5dabe5069a1a49a31c8050e0d84e6431c7248,57e5106c2d2f8e098529d88a9827fa041b811a5e8b14a86458ee88a611a41c5d,True,0.16443089633766853
VAL,casia_fasd,PVA000495,d70eeb8f7a3a199555e608adccf7dac9815271c50270cefe6c4053266edba6d8,168,b4632d0aa93792eb282cac0191ec8ef9d930e4391e908302821a99c591c3b431,64,cde83aa13e491713b72e919d1b31b29e8979b2471f689aeec9ddefa31ba4f6e8,130222ec35517cc3d733c99b6752706032bd368d6260c83977e1ffd954ad86b4,True,0.13518875671431665
VAL,casia_fasd,PVA000462,c595f2ceb6051c64dbfa357298c859dfa37bcd9c303ceba53e06b2a9e711203f,168,04465b2f962a8b493a2d08344f1f1f3d0a1e9b77055bd7825ad68e73e9d0f2cc,64,d8e9e46c06c5992294cc6129f8ba19c9cce5709ba0ab61ccc8110a1c815605c3,aa76e130e2fcaaa0564a858cbb5260c9dac10b7d4afcf8bece1bd5e71f5df67e,True,0.27784092746871053
VAL,casia_fasd,PVA000085,27c5d7089bd7ba2151bd0d51823372bf8e2f61c8f009eb08bb0e1e6a8916c514,168,24d9ce354508c63e79fe36e577c510115393e00824d3475dd2fe2c76f2eb35cc,64,9867e1d3579984fa019d1abd95f257ed9d1a4c98f2ed2aa573be5ce7f2dc4820,cdb384eeba2d1fa9ac5d517f2ad2a54c25ea0cca0f019ee16f566e8d55cb5db2,True,0.553210893999275
VAL,casia_fasd,PVA000497,d7141c56a6e3663015cb50b7279924de64a0171c5ad66ac4fe810b7bb2337109,168,04465b2f962a8b493a2d08344f1f1f3d0a1e9b77055bd7825ad68e73e9d0f2cc,64,405bdde7df96090c00256e54a77fe024a1a71bca7aabf3b09f901389d8ae525d,e7e0adcda2928ca465ff15ee771529d9efb2f1ed172997729c0c3bf46f7dabeb,True,0.26764710816396303
VAL,casia_fasd,PVA000269,7355a1cf73e7a78977976223880de62ffabb6dc8e4ccbaf68899de7a2c1567fd,168,04465b2f962a8b493a2d08344f1f1f3d0a1e9b77055bd7825ad68e73e9d0f2cc,64,ae13d7132e04aa8f1d9771f57df08504b20dbc340e627e97d7cda17466eee4cc,f7595c736fa60810b76be464459de7f9705a06f953e79cc0752b0db6e85d7bf4,True,0.37634528880390034
VAL,casia_fasd,PVA000229,6685bd58e52b863c36fb0c0cb61e4ac824de9ebbe560203749035f2e87c6b6ed,168,902714f0e6bf4c8e2744413f08dbe75297e20847c4a41e1244c4b43b9c6b2aed,64,fdbb0801638222e8539405e21876da6ff80a2bf426ce3e9bb6ef2a24267434b4,b0e7dafc39b0d2fef3c40415f2e2f78e46d266a0ec6e3cbeda44bf128612b35b,True,0.3871104913966407
VAL,casia_fasd,PVA000274,76cacd5d6e3a3059e5a844b8709762a678a8a1e41b25eb23ccd4705b50a255c7,168,04465b2f962a8b493a2d08344f1f1f3d0a1e9b77055bd7825ad68e73e9d0f2cc,64,f8710020c0825351ceed3282084d64e6d159d3f392c9294e5b4c036021a65773,f0c302770b3422d5dc446a6e1c32a349ce9eba0bcd3790d0788629162895a11f,True,0.19653231615593583
VAL,casia_fasd,PVA000260,71bd94552c51b48ad82db847299223eac47ac150c7f93efd5af9b362be3daacf,168,04465b2f962a8b493a2d08344f1f1f3d0a1e9b77055bd7825ad68e73e9d0f2cc,64,d562de74d53f213a48a6307bc70a3f9567b6c8dbabfd3da8a33d92f9cc016bef,f7595c736fa60810b76be464459de7f9705a06f953e79cc0752b0db6e85d7bf4,True,0.25816529594049564
VAL,casia_fasd,PVA000262,722a05d8a5728af5cf3125de1729ae603d0487f671e95332daf9f1e27d2a3cad,168,5828ff89913c0ff669b382fb54ee21acd82d0683010d7f04da2c44f2fd5f65a1,64,54b3eacac1512cb8a60d7b43d1409429fcc4d25a133a1779d9c33becee1a11d1,75bf8ec43219d1f8b671316bbed449e163a73b902c0d3a56893b1c779f7a96a6,True,0.5560958639782458
VAL,casia_fasd,PVA000401,ae0cd51b56201451b8ea09475617f6532610a76badf14c7d8fa45da9d98883e3,168,902714f0e6bf4c8e2744413f08dbe75297e20847c4a41e1244c4b43b9c6b2aed,64,6249cc9ac7e982eff1452bbdc7e1b274c02e13e8c30fc5ff729bff82844ba9f7,0749c5945c585f55237653f56e4dce218c24c8200b5b57222e991d3a4af0401d,True,0.3459549112995593
VAL,casia_fasd,PVA000231,670810dd401fdf7c313a90a791fe25ff1d076c02e0dfa6c00a2672a62d304881,168,04465b2f962a8b493a2d08344f1f1f3d0a1e9b77055bd7825ad68e73e9d0f2cc,64,4229ca504f6f9acc8c14552f09e8ad71f4a972809399712eec9eed86228c0f17,34457f21d5e3fcec60477f7e673787f70b41e5c44686f9cbbf409fa029b9b4c3,True,0.3391787487419241
VAL,casia_fasd,PVA000390,ab3afea440c16362ce936e72b231a3472d9ba1c4ba223ce1868c0a293e01ebc7,168,04465b2f962a8b493a2d08344f1f1f3d0a1e9b77055bd7825ad68e73e9d0f2cc,64,74cbb3106dff8f31be782e7f1cb43f7b27942f7c1d04f1a71f2f41a09f6e2be8,f7595c736fa60810b76be464459de7f9705a06f953e79cc0752b0db6e85d7bf4,True,0.12401544860030764
VAL,casia_fasd,PVA000037,125d5a3b4464a1b40694bd7ddce202878dbcccc753d8c57f32a60179f0c2bc2f,168,b4632d0aa93792eb282cac0191ec8ef9d930e4391e908302821a99c591c3b431,64,cd377205d46b507f0e991ff37f2b3b075f083da575fe77a9523872036653a04d,11d797ac3e141f12e31578dac7119d125bbf61aec3b53d86db130b9887487bf7,True,0.1359214708930796
VAL,casia_fasd,PVA000166,4a495f2686dd5878a253c5967f6b2a5a8879c6c530f6f765e6de76a9cbf62670,168,03516e0192f19bf97277f18e2ea5108e35485afe81af443e1b1693eec8d318d1,64,3cbd7faced29e77c21477ac4d99aea5cb1ab265169e8084d27226051075f6917,8ab1d4f874d8ab1aaf355b406bbd81f461c79c735aaf152233f7b1ea64c602b5,True,0.18423099174334212
VAL,casia_fasd,PVA000126,3f2fa828b7d89dc8e2a0406b20d4129af678ca8a36fecadd6df72ad5ac2a08e4,168,03516e0192f19bf97277f18e2ea5108e35485afe81af443e1b1693eec8d318d1,64,46532d641afe404b93afe871efbc628578d81ec07a3594a0ec7642cd43e097d9,151be981816efebd1bbf9a0f05f2296f752dd394d6b6c92bb6e5a07d9acf4285,True,0.218022681173764
VAL,casia_fasd,PVA000515,dfa61859f0bcfc113cc13cfdaf69f3334d2bc5b8d36f07d6d6632814ed6e2f3b,168,5828ff89913c0ff669b382fb54ee21acd82d0683010d7f04da2c44f2fd5f65a1,64,f9b81dc741396cd9d94ac0f8a611b31f8c37b57476f77185d7bef87470c0ad8c,75bf8ec43219d1f8b671316bbed449e163a73b902c0d3a56893b1c779f7a96a6,True,0.455167824819346
VAL,casia_fasd,PVA000032,1167a02825fff8d72667c36c0bee36d09fec53ab55b03a80441895ca4e422371,168,b4632d0aa93792eb282cac0191ec8ef9d930e4391e908302821a99c591c3b431,64,ac38807d8b8f2b3b3237c3b6c90a598a594e27bcbc1cd5d427621a8b339ad42d,cca515e5d717f589044ef2910e0c595c423e38043e155634045e436e8a42d055,True,0.19942787082261904
VAL,casia_fasd,PVA000378,a5ceb4d6dbcbe111f7c0be108d72d3b0215795fa8a66201ddc0a036e2419ca5f,168,24d9ce354508c63e79fe36e577c510115393e00824d3475dd2fe2c76f2eb35cc,64,3310d7c6775cccd26d29c76af40d1bfd6b9de00beb45e99417172ebc93ae43d8,cdb384eeba2d1fa9ac5d517f2ad2a54c25ea0cca0f019ee16f566e8d55cb5db2,True,0.701474463385945
VAL,casia_fasd,PVA000441,be8635e5fb486609ab82320194ee3e9b8be4a6aa6f32141c2dd5b0f24fc0222b,168,e9be2ba1857af2b3bc574fe43a51594fcd869cd114de841a726c82cfad55c3c0,64,9ccffc74d2028d58aa8f69dcd60dc515d07c3d6a9bc0ba02c4c6edf614b48a06,7f2cb1d95bdd6c3d3b71e31c1ee4908960d5ed3a9bc2f4df3dc174f13d09fcc8,True,0.1527992783800526
VAL,casia_fasd,PVA000454,c2e39431629c08b04815ccf2a8141d403fffd791db7c4cf862b3f2d3b62acee5,168,04465b2f962a8b493a2d08344f1f1f3d0a1e9b77055bd7825ad68e73e9d0f2cc,64,8a7ab4cf3c7a5d0fe344ab48443daab14fe106c72def44375c153636021c9ea8,f7595c736fa60810b76be464459de7f9705a06f953e79cc0752b0db6e85d7bf4,True,0.2931280841253214
VAL,casia_fasd,PVA000157,4794bad82846a92dc2a42ad8756d7951f091701f754f036bf09ad618352645ad,168,03516e0192f19bf97277f18e2ea5108e35485afe81af443e1b1693eec8d318d1,64,ed731181d230f803c74c2bdce8b68008f820a7932b2da04c7f0958a3e9ca7701,aa79416eedff317670271ad3cef447d9d0238bc1b8daf84e6f58bfef7ba10fc0,True,0.6121715360154154
VAL,casia_fasd,PVA000179,4fd8be79895c8ce475ad1bcc8dd15ba776d11b9a31007f9ad12554e2ebaba197,168,b4632d0aa93792eb282cac0191ec8ef9d930e4391e908302821a99c591c3b431,64,38962326acda9a9619c3aca4c8ac5a24e7a0409073453c425981524fc56683f6,f08aa780bcad91cc20ea486f4ed029c333091a54d4076edd79db8a958f98ba2c,True,0.2793818126336635
VAL,casia_fasd,PVA000232,67ae754b2386c4e0e2fd6803650c00c51f19e9d16f3efa077673832746bd2701,168,24d9ce354508c63e79fe36e577c510115393e00824d3475dd2fe2c76f2eb35cc,64,e1e0afdd607ea7e622cf0fae15465c1eaab09b4fe17597c480f34131c6d2a5d9,2214442c2efcad80f6322bfc0931cb3f09e71be4943bbd1e51bed05a623c2a93,True,0.524321620136888
VAL,casia_fasd,PVA000406,b0bf34e36d907f90ebe4913bc7a0901ccea364990911fba554f8ed25806418ee,168,5828ff89913c0ff669b382fb54ee21acd82d0683010d7f04da2c44f2fd5f65a1,64,858bfae7b8af8c1fc407321557663af107d49f526d8f04b09995ecca305aec57,0cafbdf54d5b4b4cf681a50d8c3ab19bb3620f96a26bd5fa61591dfe0e1d3fad,True,1.1945262499752236
VAL,msu_mfsd,PVA000705,87f1d67affb69f30114fdf358951bff6670cf05d4e7b45c9e157caa2477daa56,64,8646f3b2040028a0174f7a02bf17905efae3a8754c11fe5857385dd6e3025380,64,8646f3b2040028a0174f7a02bf17905efae3a8754c11fe5857385dd6e3025380,2ff5e1628fd66ab85d4379d2846077feb06d77afa8f53285744da2045fca2e43,True,0.5980302794430029
VAL,msu_mfsd,PVA000595,17a481f30b322bf6f46f7b996dcb828543ef6ff3c5804e74c4f3646ccd748546,64,8646f3b2040028a0174f7a02bf17905efae3a8754c11fe5857385dd6e3025380,64,8646f3b2040028a0174f7a02bf17905efae3a8754c11fe5857385dd6e3025380,2ff5e1628fd66ab85d4379d2846077feb06d77afa8f53285744da2045fca2e43,True,0.772635262019432
VAL,msu_mfsd,PVA000777,d63a354a89049b1acc67216edd6f76940469c14cc3f26f8081e2fd1e863035e3,64,8646f3b2040028a0174f7a02bf17905efae3a8754c11fe5857385dd6e3025380,64,8646f3b2040028a0174f7a02bf17905efae3a8754c11fe5857385dd6e3025380,2ff5e1628fd66ab85d4379d2846077feb06d77afa8f53285744da2045fca2e43,True,0.6149622082611869
VAL,msu_mfsd,PVA000738,a4a4e46e39fd8891fc2f95f0cf9adc3b266deb57e9756f283c8935e62e15b3ed,64,8646f3b2040028a0174f7a02bf17905efae3a8754c11fe5857385dd6e3025380,64,8646f3b2040028a0174f7a02bf17905efae3a8754c11fe5857385dd6e3025380,2ff5e1628fd66ab85d4379d2846077feb06d77afa8f53285744da2045fca2e43,True,0.6170120101081191
VAL,msu_mfsd,PVA000796,ec2eb39b3a865e6231106ec223379017bb2d88f1798d59a31b199883afcf860a,64,2ffccc0064a4febe095083e998902fa67abd25b339d751844dcd7f76033d5df2,64,2ffccc0064a4febe095083e998902fa67abd25b339d751844dcd7f76033d5df2,7739006dfdbba0db3d4266c8421b98e1a262c9a8c2316f23d49c6a8158ac2de4,True,0.6323692076339286
VAL,msu_mfsd,PVA000716,90b3ba6bc822ee83c766171c1001f68420aa6777fc8f4c3729f86b8eef5374ee,64,2ffccc0064a4febe095083e998902fa67abd25b339d751844dcd7f76033d5df2,64,2ffccc0064a4febe095083e998902fa67abd25b339d751844dcd7f76033d5df2,534898b71bd0adb5d9131e7bcc189f34379aecf826f34705cbac348d658c8c4a,True,0.7095457194913868
VAL,msu_mfsd,PVA000591,1096debe4a0a17c22c78502facf1b451936563639d9271ad2d982ea0bd8b1134,64,d2d601aba6dad3bb1a95c5d640f5c779a48e0b7db80f3739479137a868d55bb4,64,d2d601aba6dad3bb1a95c5d640f5c779a48e0b7db80f3739479137a868d55bb4,6680d09a4e9f7f1b40e6859f31c33ea66a7cdb7a9f920130f26c12f683881910,True,0.8921639976985682
VAL,msu_mfsd,PVA000694,7be297340a7333ee7b062f5eb74830dbbb22d2dad22610ec2de03fad381cf610,64,9112182d59bf02ad6a3f747dc941a83de9c2ef8e8f1f6682585f84013fd23f16,64,9112182d59bf02ad6a3f747dc941a83de9c2ef8e8f1f6682585f84013fd23f16,172a5319b2cf67f87e183dc660c30c1d4ee65bc7e564610c388813ff74ce37e9,True,0.3392635271812354
VAL,msu_mfsd,PVA000656,57d7e4ea311f4a2dd191f2da03aec95b155765ecf5ecf680f6eb36e56ba0f251,64,cc507c3e9302fb4017ca4d7a424f62f022a98e59f6b58e5499cb0aa9ffe0afc4,64,cc507c3e9302fb4017ca4d7a424f62f022a98e59f6b58e5499cb0aa9ffe0afc4,f0e8606b354c66db503d259044d8824e2e13d3f66af9e1b4a7a7adf0a2aaae73,True,0.4369772483089146
VAL,msu_mfsd,PVA000644,4b782e9f5f4d4e1a4e1a59562734015f5664bf6b83f1ae4931462b57cfd3966e,64,cc507c3e9302fb4017ca4d7a424f62f022a98e59f6b58e5499cb0aa9ffe0afc4,64,cc507c3e9302fb4017ca4d7a424f62f022a98e59f6b58e5499cb0aa9ffe0afc4,3634965febd3e20c8c903c566df4029392c0c21f8d6f34e6e1cb0716906d9102,True,0.41530236588480257
VAL,msu_mfsd,PVA000765,c72036cc90314d3343f55b7ebb12d8d681c0cf5e5533533babdd232278ead798,64,8646f3b2040028a0174f7a02bf17905efae3a8754c11fe5857385dd6e3025380,64,8646f3b2040028a0174f7a02bf17905efae3a8754c11fe5857385dd6e3025380,ed02013751994b4ea6909d9aaf6bdc2746b7f9fd4f2057c01d254f476d0c583f,True,0.4253769102287727
VAL,msu_mfsd,PVA000787,e2defd4f25b8940e0c03a760305d78bbe50e86f546fbeebdfa6bce869b680af5,64,9112182d59bf02ad6a3f747dc941a83de9c2ef8e8f1f6682585f84013fd23f16,64,9112182d59bf02ad6a3f747dc941a83de9c2ef8e8f1f6682585f84013fd23f16,5a60746c000a156f8bb18bf25697cbe71d47ad1f11aa12105eb3073d89cf3ceb,True,0.6969682566971266
VAL,msu_mfsd,PVA000602,21fedb66ccaf47180702eb51a3d4214356b024b1808bd0a5534c516129100339,64,2ffccc0064a4febe095083e998902fa67abd25b339d751844dcd7f76033d5df2,64,2ffccc0064a4febe095083e998902fa67abd25b339d751844dcd7f76033d5df2,534898b71bd0adb5d9131e7bcc189f34379aecf826f34705cbac348d658c8c4a,True,0.7557348196001057
VAL,msu_mfsd,PVA000776,d5fb64ef1c11ce5b1afec01d03ee687588745d83d9b4949cb1308fc550f507d7,64,8646f3b2040028a0174f7a02bf17905efae3a8754c11fe5857385dd6e3025380,64,8646f3b2040028a0174f7a02bf17905efae3a8754c11fe5857385dd6e3025380,ed02013751994b4ea6909d9aaf6bdc2746b7f9fd4f2057c01d254f476d0c583f,True,0.5198415624378168
VAL,msu_mfsd,PVA000810,f83134e29f1a1e56319d05076647af90a869d78c7c5070875cf7c52527cc3aea,64,cc507c3e9302fb4017ca4d7a424f62f022a98e59f6b58e5499cb0aa9ffe0afc4,64,cc507c3e9302fb4017ca4d7a424f62f022a98e59f6b58e5499cb0aa9ffe0afc4,3634965febd3e20c8c903c566df4029392c0c21f8d6f34e6e1cb0716906d9102,True,0.7257285954229109
VAL,msu_mfsd,PVA000669,684e6016d8c1f85266b9313517ab2593b1501e250490383f90a5acd0fc9002b1,64,d2d601aba6dad3bb1a95c5d640f5c779a48e0b7db80f3739479137a868d55bb4,64,d2d601aba6dad3bb1a95c5d640f5c779a48e0b7db80f3739479137a868d55bb4,a87f03e59d95862da038637a7b98e6b0fde5bcfd2acd3a1dc1fac2030d8cf792,True,0.8716072413122122
VAL,msu_mfsd,PVA000734,9faa20ab0c0c8116630866a739ae14d25a780a16b4a481bfae461354de67afff,64,d2d601aba6dad3bb1a95c5d640f5c779a48e0b7db80f3739479137a868d55bb4,64,d2d601aba6dad3bb1a95c5d640f5c779a48e0b7db80f3739479137a868d55bb4,70402b63cf8b53a1088f6ef1685bc9281b8d20dd22cb576e5d04a78f0f6f4545,True,0.7800286483223748
VAL,msu_mfsd,PVA000707,8a03f5d03309e6bf550aef2d77d50a0eebb5a230d297e47f767eb9e91307b4a0,64,2ffccc0064a4febe095083e998902fa67abd25b339d751844dcd7f76033d5df2,64,2ffccc0064a4febe095083e998902fa67abd25b339d751844dcd7f76033d5df2,534898b71bd0adb5d9131e7bcc189f34379aecf826f34705cbac348d658c8c4a,True,0.8443637985170556
VAL,msu_mfsd,PVA000681,719da639e2ab3176ecb98e08d69e779d110f3eb67e9fe2c8dff36ad4f5424277,64,2ffccc0064a4febe095083e998902fa67abd25b339d751844dcd7f76033d5df2,64,2ffccc0064a4febe095083e998902fa67abd25b339d751844dcd7f76033d5df2,7739006dfdbba0db3d4266c8421b98e1a262c9a8c2316f23d49c6a8158ac2de4,True,0.7169059311420941
VAL,msu_mfsd,PVA000815,fdf629988a0fae2f62bdd262062e45131de39819a5ae208ce7845124b34e5a3e,64,8646f3b2040028a0174f7a02bf17905efae3a8754c11fe5857385dd6e3025380,64,8646f3b2040028a0174f7a02bf17905efae3a8754c11fe5857385dd6e3025380,2ff5e1628fd66ab85d4379d2846077feb06d77afa8f53285744da2045fca2e43,True,0.5835467285912354
VAL,msu_mfsd,PVA000620,327550c9e3358585a56bf80193e66a4f6d16d92b2b92a6a5e26fbb39d295e441,64,d2d601aba6dad3bb1a95c5d640f5c779a48e0b7db80f3739479137a868d55bb4,64,d2d601aba6dad3bb1a95c5d640f5c779a48e0b7db80f3739479137a868d55bb4,70402b63cf8b53a1088f6ef1685bc9281b8d20dd22cb576e5d04a78f0f6f4545,True,0.8690590709072293
VAL,msu_mfsd,PVA000806,f619ea0e7797f928f9d3ae74f6abdc4277dc3f90dec90ca3d101f895013176ce,64,cc507c3e9302fb4017ca4d7a424f62f022a98e59f6b58e5499cb0aa9ffe0afc4,64,cc507c3e9302fb4017ca4d7a424f62f022a98e59f6b58e5499cb0aa9ffe0afc4,f0e8606b354c66db503d259044d8824e2e13d3f66af9e1b4a7a7adf0a2aaae73,True,0.4988079396563214
VAL,msu_mfsd,PVA000739,a92a5f71efac5a3507f37feadc7ee9bc65b32560fd08fa15af35620cc63efd46,64,2ffccc0064a4febe095083e998902fa67abd25b339d751844dcd7f76033d5df2,64,2ffccc0064a4febe095083e998902fa67abd25b339d751844dcd7f76033d5df2,534898b71bd0adb5d9131e7bcc189f34379aecf826f34705cbac348d658c8c4a,True,0.6943748151105505
VAL,msu_mfsd,PVA000764,c6ed1d2054aac0eeb619222a0a4d56c78fd4314f5ed86a43bf911ab8a1a33d0e,64,8646f3b2040028a0174f7a02bf17905efae3a8754c11fe5857385dd6e3025380,64,8646f3b2040028a0174f7a02bf17905efae3a8754c11fe5857385dd6e3025380,bf186e418e13210140fd817b537509b23e21c0fc719dd37427dd05af2b5cfa1a,True,0.7577931789764691
VAL,msu_mfsd,PVA000689,78a7071d46c08f800d970bfd06303c1f472de7e1f42a6d37bfd81f438737a874,64,9112182d59bf02ad6a3f747dc941a83de9c2ef8e8f1f6682585f84013fd23f16,64,9112182d59bf02ad6a3f747dc941a83de9c2ef8e8f1f6682585f84013fd23f16,ed02013751994b4ea6909d9aaf6bdc2746b7f9fd4f2057c01d254f476d0c583f,True,0.5287080146513117
VAL,siwmv2,PVA001495,9c960c61a46d4ff2a62a7e844a91c813cb89bf11bc3f4959b25c30fd18a028fc,944,da87431e724b92eda5772d335378d5a7055f372f8d41e0e767fe80a2acb1e4e2,64,2ac3cc10f58f1653c2e72345a01c6a67145c2f904a4a22e5a94a91cea5d79142,33069ea7a84ebba60fa3f6495d5a198121a71a3ac0197d8ff4a006e7fdea0db8,True,0.4565717558082587
VAL,siwmv2,PVA001087,3cbef4b082fe46d01f4d8afe4cdef481a448df4d447b20ea4d21ec9be4990152,944,da87431e724b92eda5772d335378d5a7055f372f8d41e0e767fe80a2acb1e4e2,64,1b89fc9ace46a4959c96bfdd2b9aff88b5567cedf8b25f475d5a7b8982624a34,7215d93d68f64f6cf22537336728ed80f785c57b111563f18a96c9e9e313f418,True,0.683250694157741
VAL,siwmv2,PVA000855,08b2ddb0c046ecd1843e7170a1dcc7fa7f99ffac553cfe1d2d5c95905ca06fb0,944,da87431e724b92eda5772d335378d5a7055f372f8d41e0e767fe80a2acb1e4e2,64,16cd3999a0af6b7e7cc36a8d4b006d4f4b3a2230924478869c1b9d5919a0f081,a7fc0e703c02fe21e2c2bc5031b73c833fc209c3cbf5e52b764db968ca22fd96,True,0.23440587863190732
VAL,siwmv2,PVA000927,19dd097297188cae38d4c79f887505ee3a26b7d4973e6f0ef9c3a992454526c4,944,da87431e724b92eda5772d335378d5a7055f372f8d41e0e767fe80a2acb1e4e2,64,4d596344fa777abf3da09bd8e0e0590156df521b80a0f29677ddb8ef76c94a41,a565562877349f267ef0f85c8a159f95a8d173819b11b81792308b313262fb2a,True,0.37724550342817575
VAL,siwmv2,PVA001363,7d4a8c94664f157050bde31942c483be3e560e7c6c4c50a7a2f6d939c193dd75,944,da87431e724b92eda5772d335378d5a7055f372f8d41e0e767fe80a2acb1e4e2,64,a3907c16d9e3f720a3bcc6b04f6e6958012ca29f4836ac290ba465d01123b3d8,4294eaadfe90b63b0bebeee8465b5df112991ab57e7302a21260d6565c503daa,True,0.2028695286093421
VAL,siwmv2,PVA000977,248295d808562ca2c9164686786d312243e15a2410221b1b5a8659527bc862d9,944,da87431e724b92eda5772d335378d5a7055f372f8d41e0e767fe80a2acb1e4e2,64,8617fca75187397131654021bd19eb7ba5cd0d84a83107f93372090ca47a58c8,0684bcafb8af6dcb26be16a9d8af4659d9a7c0d4253650e3e6aac79624d2f158,True,0.2781816379090785
VAL,siwmv2,PVA001404,85ca23c4931c38ab996a34dfd177ec9bfda656a72a212e78daaf17b84f692cba,944,da87431e724b92eda5772d335378d5a7055f372f8d41e0e767fe80a2acb1e4e2,64,a24a3d23bb06d7c2c9db0be461c9fbe531633e97e8e14de437da982b2c4b04bc,0a9d95de2453c5fa7fab0e6a65b6a3b343ae34cb5d29f78fae7d75b5da771437,True,0.21539526432922385
VAL,siwmv2,PVA001005,2b98a1a211170d51c398821b6e7364a475815947d6aebabc9f2db624f8c4be23,944,da87431e724b92eda5772d335378d5a7055f372f8d41e0e767fe80a2acb1e4e2,64,60fe5f0ed1bbc5c6179f9cc39b68e45c4396748b38a8c4863fafaf0cebdaefa8,5a43095c0c169d87c3f8f27b39dbc06f835f032769c6b17df454c3f4463a3d5f,True,0.1481494299183772
VAL,siwmv2,PVA001140,488f2a09be37b8e417a110c504c440ceff5fdeb01db535f05208b91a1f3cc117,944,da87431e724b92eda5772d335378d5a7055f372f8d41e0e767fe80a2acb1e4e2,64,7cc67d071dbda2998d50ba0e9aac3e06c6c3055bb13ab8caf4ed3a70aad5005b,7956323b374d53a7a586689be1957805c4375d19985598ee493895387f3043b0,True,0.509056343735194
VAL,siwmv2,PVA001217,5a2d1c4c1e5b194da40c10f4965c9c769f66a8d431745f554110a1fda33ead88,944,da87431e724b92eda5772d335378d5a7055f372f8d41e0e767fe80a2acb1e4e2,64,6497e69707cda389fd8192a6cf971853ddbf5408951e53e4ac55c96a6d62d8d7,7b764d661b7600aefd5a54594f64fc1e0cda605357c18499f393b4ace8e8309f,True,0.6111722774991272
VAL,siwmv2,PVA000824,01bf473eab851fa988dd392a6f32a0d7dc507c7541ac9daa81fbf9b6aaf92769,944,da87431e724b92eda5772d335378d5a7055f372f8d41e0e767fe80a2acb1e4e2,64,1b864c91aca4f25fb9ddfbc2c0b7881cb0e4e09ec8c8a9fde02801dbe5b33df2,5c15ea6faf1097e2e9ad28757d79942745d10ae0c89cd93d6ff7860d6be949a8,True,0.12328523218113058
VAL,siwmv2,PVA001611,bbe3be90a310407251f0349d281085306b8f515e8555404c2696825a20e28fba,944,da87431e724b92eda5772d335378d5a7055f372f8d41e0e767fe80a2acb1e4e2,64,693107193d8e9ee166614c2543e85875139417e95a3156c8bb9cc4741edd79d8,4833b29dfcb3a1d9bc4ca56ee846d28c3a6f6d9d03db8efb3665d89d3407c2b3,True,0.18007708862036265
VAL,siwmv2,PVA001162,4ed54544b6d9be5ecf25d3b3e91e338baaf3ac06a8ce4e933f7273832f057b1e,944,da87431e724b92eda5772d335378d5a7055f372f8d41e0e767fe80a2acb1e4e2,64,4a299ecd2db186c184aec949749dda938b790a7f62ad43a4199a304392bb86ac,b64547bc780233370463b93e5c22abb5f05106e5084a5fc92572e0d1f4cfd454,True,0.3040750324576703
VAL,siwmv2,PVA001722,d65d8503ba22b5739d8ff8c19dbad1f991322a71099e22b29920a5017a4def0d,944,da87431e724b92eda5772d335378d5a7055f372f8d41e0e767fe80a2acb1e4e2,64,85d89c01c1fc6f9af09d30f4856d72a7e9111b479b6f22d38064885d464a659e,94751b59fb7080a623d7251c3187c33442b810198407e8fad365f36613c6ac49,True,0.5490923864981593
VAL,siwmv2,PVA001780,e61b6d751aeb80482175b5635954d3076c02793823e4a8036d86c2defeea9817,944,da87431e724b92eda5772d335378d5a7055f372f8d41e0e767fe80a2acb1e4e2,64,033ba9064921f1880d3503a3a8afdda402c740f28e2c8d87f865a287d1bd425c,2748bac2794074e3a0d544e888ea1f70a8db592c5c7b837647b2293014f34492,True,2.0350114071460315
VAL,siwmv2,PVA001385,819bce66a0f0dd38cca2968fe844a04879a18d047cdc7f6c82ae7fb45d02a060,944,da87431e724b92eda5772d335378d5a7055f372f8d41e0e767fe80a2acb1e4e2,64,8df4f58d49eb01d1a345e75da1c07c7dfb09f92cc13b7edceeae8160c7d35e8c,91380a7ed2ac428d4396272adde9231a74a955a7e781301f897995d1a093bd88,True,0.34116265206102225
VAL,siwmv2,PVA001621,beeae89197ebee15ff42f346bc7e674b2395804f396a900bf61734265f392b59,944,da87431e724b92eda5772d335378d5a7055f372f8d41e0e767fe80a2acb1e4e2,64,5120d6fa531c617f7a5e229f635de57c1bfe9b75fddb4a78839bb22a7cb3dd4a,8ecefeb9352ca52242b8cefc4e7cc5ff2647aacfe3dd39f1debcce6b715ecaa5,True,0.2705775983071095
VAL,siwmv2,PVA001147,4a22c61dfd2dce559751eff0072f06ee4746f905925cca108c02e47a9c86dff4,944,da87431e724b92eda5772d335378d5a7055f372f8d41e0e767fe80a2acb1e4e2,64,3a57e31c993ede10c3d5156465d6997e24430c0a1d7cf8068210a93b19e0d145,00157170f31bde6b01593f3d5e55a8baf8dcad5695fc1e03cc1bb8a2337af621,True,0.41462423683605726
VAL,siwmv2,PVA001473,975094c387c0876ba196a5afdcda4a4b5e4f278d3a29f00a35a436901af002f1,944,da87431e724b92eda5772d335378d5a7055f372f8d41e0e767fe80a2acb1e4e2,64,67d17ad02fa76b188d18d2a1c0f3a2151cffff2d1f0bf7a6ee84dcda617e35c3,4af81af43ef34b54cda0891d086e3bbb54a85ba5b229b4bf9b00d8c23f1b5367,True,0.2600733435241223
VAL,siwmv2,PVA001246,60e9e7c32a818ceaf99f56e8dc019dd89bc46ccb09d18f87f78b3e3423fb315c,944,da87431e724b92eda5772d335378d5a7055f372f8d41e0e767fe80a2acb1e4e2,64,8c43820313adb500a7c946bc89bd359f5973a77f7670edd827fa98b3b3ccc9ef,80e307ff613f784f53ecac92bb5b8b837414b26328377e43f52a12906d4ff765,True,0.38925138495176287
VAL,siwmv2,PVA001830,f1cfdc64fa42eb1b001e8084c0df6a6052e81fcb0849e9fb4fc7a1c08bb8957d,944,da87431e724b92eda5772d335378d5a7055f372f8d41e0e767fe80a2acb1e4e2,64,d60609636bd0796f6c5510316f8c4121b5a86bb9e1f4f85b92b93b68eaf30acf,0309d4f9a0061fa0c34a80e3eaed6a56e733a9a466d236a133df5e5bb1022b06,True,0.21736491140776604
VAL,siwmv2,PVA001034,332afd69689f89c265dee4db69abf85d3e6f05d5db1e744b6d76a92b26afb633,944,da87431e724b92eda5772d335378d5a7055f372f8d41e0e767fe80a2acb1e4e2,64,2e4b57a344327ef81cc7ba0fc4abde2daf7c4dd17a54cf0f85d0be609852523d,57acd00572c0776d3f2e821699d2ca736744afdf83d54245391a290df6b88be9,True,1.532232402559396
VAL,siwmv2,PVA001543,a96a7b119f52f79ed68d54147368986b86da1221fca6a78ee98f92d9b1efa871,944,da87431e724b92eda5772d335378d5a7055f372f8d41e0e767fe80a2acb1e4e2,64,27e9a3e1191343906659df92f502b20632102f65c0086af948d65fc91352f4a2,b3e2456331e978def51c6788f7541862230f5ecebaa4f45ce8b0827a04eaf4cd,True,0.32707168883795124
VAL,siwmv2,PVA001694,cffc571890126b2c3ef7ad21e2233c281fcb0e3745027cba15f4dacc9097df4f,944,da87431e724b92eda5772d335378d5a7055f372f8d41e0e767fe80a2acb1e4e2,64,73560199fcc64e29df1214b9b162c2f49f93374524b69dac449f79f6e99d4b40,62195adfb642dbeb24f1b546c410ef18e28bee8be491ab2e7d20a53db436dcba,True,0.18683277600626857
VAL,siwmv2,PVA001873,f884963153c046a3b547d1bd068e18fbc59fd4a31b5764b429c3ac85f64d202d,944,da87431e724b92eda5772d335378d5a7055f372f8d41e0e767fe80a2acb1e4e2,64,6497efe755f2530f2828fb0f261723d6aa1caf22394f45f3f3eda74fc5b3d993,eaba6e3e4f9dfb12baeb51d2ddd3ebed5099507a0ada7864b011ad05a86f85a2,True,0.30857350167458175
