branch,epoch,first_update,last_update,updates,lambda_adv_first,lambda_adv_last,frac_G_grad_norm_gt_1,amp_retry_updates,frac_budget_active,frac_M_mean_lt_0.01,M_mean_min,M_mean_p10,M_mean_p50,M_mean_p90,M_mean_max,M_p10_min,M_p10_p10,M_p10_p50,M_p10_p90,M_p10_max,frac_M_lt_1e-2_min,frac_M_lt_1e-2_p10,frac_M_lt_1e-2_p50,frac_M_lt_1e-2_p90,frac_M_lt_1e-2_max,sigmoid_deriv_mean_min,sigmoid_deriv_mean_p10,sigmoid_deriv_mean_p50,sigmoid_deriv_mean_p90,sigmoid_deriv_mean_max,A_mean_min,A_mean_p10,A_mean_p50,A_mean_p90,A_mean_max,A_p90_min,A_p90_p10,A_p90_p50,A_p90_p90,A_p90_max,abs_xhat_minus_target_mean_min,abs_xhat_minus_target_mean_p10,abs_xhat_minus_target_mean_p50,abs_xhat_minus_target_mean_p90,abs_xhat_minus_target_mean_max,tanh_hf_absmean_min,tanh_hf_absmean_p10,tanh_hf_absmean_p50,tanh_hf_absmean_p90,tanh_hf_absmean_max,M_times_abs_delta_HF_mean_min,M_times_abs_delta_HF_mean_p10,M_times_abs_delta_HF_mean_p50,M_times_abs_delta_HF_mean_p90,M_times_abs_delta_HF_mean_max,G_grad_norm_min,G_grad_norm_p10,G_grad_norm_p50,G_grad_norm_p90,G_grad_norm_max,D_grad_norm_min,D_grad_norm_p10,D_grad_norm_p50,D_grad_norm_p90,D_grad_norm_max,D_total_min,D_total_p10,D_total_p50,D_total_p90,D_total_max,D_real_min,D_real_p10,D_real_p50,D_real_p90,D_real_max,D_fake_min,D_fake_p10,D_fake_p50,D_fake_p90,D_fake_max,gadv_min,gadv_p10,gadv_p50,gadv_p90,gadv_max,budget_min,budget_p10,budget_p50,budget_p90,budget_max,artcon_min,artcon_p10,artcon_p50,artcon_p90,artcon_max,id_min,id_p10,id_p50,id_p90,id_max,lm_min,lm_p10,lm_p50,lm_p90,lm_max,bg_min,bg_p10,bg_p50,bg_p90,bg_max,G_total_min,G_total_p10,G_total_p50,G_total_p90,G_total_max
R1,6,5526,6630,1105,0.0,0.05,0.058823529411764705,1,0.6615384615384615,0.0,0.8917250633239746,0.9930077314376831,0.9967919588088989,0.9984318017959595,0.9999827146530151,0.444842129945755,0.9872182130813598,0.9946150183677673,0.9974610090255738,0.9999899864196777,0.0,0.0,0.0,0.0,0.06288909912109375,1.7252588804694824e-05,0.0014799260534346104,0.0031527155078947544,0.006632158812135459,0.02707916498184204,0.008201717399060726,0.010372533462941647,0.012730290181934834,0.01704911105334759,0.04296448454260826,0.011733165010809898,0.0159230787307024,0.023077409714460373,0.040025689452886586,0.0835428386926651,0.007676512934267521,0.009476346895098686,0.011523397639393806,0.015499766916036608,0.0363643504679203,0.08452768623828888,0.10720242783427239,0.13180255889892578,0.17751422077417373,0.46208424866199493,0.02518421970307827,0.03200596049427986,0.03943825513124466,0.05292431563138962,0.13571104407310486,0.27775922417640686,0.4380387902259827,0.6154041886329651,0.9169891953468323,4.428370952606201,0.001423500943928957,4.690930652618409,12.17346477508545,64.56230163574219,688.19287109375,7.187629489635583e-05,0.286676412820816,0.514702882617712,0.87789176851511,4.108885440975428,2.838452928699553e-05,0.15032266974449157,0.5082185715436935,1.3672538995742798,8.21485686302185,9.325371865998022e-05,0.08035838231444359,0.3502695709466934,0.9082632362842561,4.0895233154296875,0.1321374550461769,0.8968697607517243,1.8230555653572083,3.40427143573761,14.769768714904785,0.0,0.0,0.00015582505147904158,0.0008047885261476041,0.0024897277471609414,0.35468509793281555,0.3968718022108078,0.43386831879615784,0.4798446655273438,0.5761225521564484,9.650737047195435e-05,0.00017946660518646242,0.0003967881202697754,0.001093074679374695,0.0037955492734909058,0.0015229692216962576,0.0023288828320801257,0.0035990856122225523,0.005578894354403019,0.011880862526595592,0.0012045168259646744,0.0022625925019383432,0.003164516529068351,0.004451844701543451,0.008877505315467715,0.5049261599779129,0.5731429994106293,0.6350893974304199,0.7056094646453858,0.8644988536834717
R1,7,6631,7735,1105,0.05,0.05,0.18552036199095023,1,0.7873303167420814,0.0,0.9817955493927002,0.9936749100685119,0.9976420998573303,0.9990230560302734,0.9997323155403137,0.9622496962547302,0.9881674289703369,0.995372474193573,0.9980807304382324,0.9994621872901917,0.0,0.0,0.0,0.0,0.0,0.00026723858900368214,0.0009740618872456253,0.0023486940190196037,0.006264387909322977,0.016847822815179825,0.00832478329539299,0.010060199350118638,0.011719798669219017,0.013595322333276271,0.02735041081905365,0.012973722070455551,0.0156562939286232,0.018772432580590248,0.02275162748992443,0.038395073264837265,0.0075398460030555725,0.009083734452724456,0.010541601106524467,0.01227528937160969,0.023243514820933342,0.0860823206603527,0.10396304354071617,0.12156562879681587,0.14127533733844758,0.2897942066192627,0.025774305686354637,0.03112211674451828,0.036349158734083176,0.04224534183740616,0.08684208989143372,0.34327206015586853,0.5282384991645813,0.7431298494338989,1.1463354110717774,7.118710517883301,1.997177243232727,4.526499080657959,8.763944625854492,19.539163208007814,140.92196655273438,0.05899387248791754,0.17805429855361582,0.32948212046176195,0.5496273774653674,0.9927869392558932,0.012930328957736492,0.08889819532632828,0.3019568920135498,0.7501778602600099,1.91248619556427,0.004267521668225527,0.0738412469625473,0.2601271830499172,0.6581829249858857,1.6791333556175232,0.3430110067129135,1.4829068422317506,2.5247669219970703,3.9939807176589968,7.142097473144531,0.0,0.0,0.0003013566602021456,0.0010561363538727163,0.0024741690140217543,0.35502946376800537,0.41478951275348663,0.449443057179451,0.4915570825338364,0.5767018795013428,7.462501525878906e-05,0.00013428479433059693,0.00021244585514068604,0.0003609582781791687,0.00130549818277359,0.0012095601414330304,0.0019372145994566382,0.002547474345192313,0.003488921816460788,0.0072335610166192055,0.0014678870211355388,0.0023718832759186625,0.0031690915348008275,0.004222683282569051,0.008139761630445719,0.5715287029743195,0.6631339251995086,0.7307611703872681,0.8083389639854431,1.0297309160232544
R1,8,7736,8840,1105,0.05,0.05,0.26063348416289595,0,0.7076923076923077,0.0,0.9873531460762024,0.9964232921600342,0.998432993888855,0.9994324922561646,0.9997648596763611,0.9707987308502197,0.9921354651451111,0.9966365098953247,0.9987561225891113,0.9995307922363281,0.0,0.0,0.0,0.0,0.0,0.0002349588758079335,0.0005665018572472036,0.0015611477429047227,0.0035532192792743452,0.012268872931599617,0.007868265733122826,0.010916163213551044,0.012393900193274021,0.014108790457248688,0.01906183734536171,0.013054641894996166,0.018610427901148797,0.021690424531698227,0.025326814502477646,0.03454338014125824,0.00714748352766037,0.009866785630583763,0.011213037185370922,0.012706800363957882,0.017234593629837036,0.08182182535529137,0.11276850327849389,0.12838301062583923,0.14608984291553498,0.19694925844669342,0.02437652461230755,0.03377521187067032,0.038447409868240356,0.04377258941531181,0.05902978777885437,0.3769625723361969,0.5794039964675903,0.829503059387207,1.2575268268585205,7.185939788818359,1.11054527759552,4.1815336227417,8.80755615234375,17.71343231201172,60.56407928466797,0.030391281470656395,0.1057725404854864,0.23936604987829924,0.4620049674704206,1.2470190020976588,0.00269461574498564,0.04413986839354039,0.19789034593850374,0.605756288766861,2.4820873737335205,0.001923724077641964,0.035300337523221974,0.17890795320272446,0.5740947961807252,1.8198162317276,0.5084896385669708,1.9790210723876953,3.4885860681533813,5.1269446849823,8.772181510925293,0.0,0.0,0.00013921549543738365,0.0006850465200841427,0.0027957408456131816,0.36281394958496094,0.412269526720047,0.44877998530864716,0.4884766310453415,0.5598399341106415,9.498745203018188e-05,0.0001582115888595581,0.00024127960205078125,0.0003969281911849976,0.0013959631323814392,0.0015277714119292796,0.001972990622743964,0.0026441807858645916,0.003469349746592343,0.006163178943097591,0.0009994801075663418,0.0025006641866639257,0.0033816129434853792,0.004296756070107222,0.006439955206587911,0.607204020023346,0.6886210680007935,0.7755870223045349,0.872365289926529,1.028879702091217
R1,9,8841,9945,1105,0.05,0.05,0.3049773755656109,1,0.6959276018099547,0.0,0.9949554204940796,0.9982830286026001,0.999170184135437,0.9995847940444946,0.9998464584350586,0.9872773289680481,0.9960545301437378,0.9980881810188293,0.9990910768508912,0.9996429681777954,0.0,0.0,0.0,0.0,0.0,0.00015350944886449724,0.0004146143095567823,0.0008272319682873785,0.0017114375717937947,0.004993748851120472,0.009391885250806808,0.011113417148590089,0.012684871442615986,0.01436836775392294,0.01747075282037258,0.014627370983362198,0.019360242038965227,0.02297016978263855,0.027828296273946763,0.03376205638051033,0.00852968730032444,0.010012880526483059,0.01140843890607357,0.012903155200183392,0.01676163449883461,0.09682267904281616,0.11495699211955071,0.13135366141796112,0.14875694066286088,0.17770155519247055,0.02902662381529808,0.03446763828396797,0.039371877908706665,0.04461407512426376,0.05327272415161133,0.42692628502845764,0.6298514604568481,0.8673824667930603,1.3151643037796021,4.991856098175049,0.6209798455238342,3.5352055549621584,8.543532371520996,17.57528953552246,51.97661590576172,0.01017446955665946,0.06962954215705396,0.18519074376672506,0.4048507963307202,1.1497485619038343,0.0010013486025854945,0.023662437917664647,0.1404058374464512,0.5443374276161195,2.27983021736145,0.00013316651529748924,0.02215333776548505,0.13951219618320465,0.47283369004726417,1.4300703406333923,0.8274862170219421,2.6116268038749695,4.257635235786438,6.091093492507935,10.12570333480835,0.0,0.0,0.00011194287799298763,0.0005232909461483362,0.0015953842084854841,0.3628271669149399,0.4090930581092834,0.4429243505001068,0.48475981056690215,0.5463686585426331,0.0001155361533164978,0.00020066052675247193,0.00031500309705734253,0.0004934355616569519,0.002722345292568207,0.0011903670383617282,0.0022158064879477025,0.0029003879753872752,0.003877354948781431,0.006318482221104205,0.0013228284660726786,0.002478133444674313,0.003352627158164978,0.004289355920627713,0.005713268183171749,0.5967041254043579,0.7215575993061065,0.8112222254276276,0.9071682393550873,1.0910218358039856
R1,10,9946,11050,1105,0.05,0.05,0.2416289592760181,0,0.6217194570135747,0.0,0.9910457730293274,0.9986047387123108,0.99941486120224,0.9997533559799194,0.9998998045921326,0.9731387495994568,0.9963839888572693,0.9986276626586914,0.9994506001472473,0.9997918009757996,0.0,0.0,0.0,0.0,0.0,0.00010013623250415549,0.0002463653218001127,0.0005831107264384627,0.0013885164400562644,0.008717160671949387,0.009898611344397068,0.012043342366814614,0.013591306284070015,0.01522437296807766,0.01908344216644764,0.017033418640494347,0.02191733904182911,0.026511816307902336,0.03139750510454178,0.04083215445280075,0.00887979380786419,0.010805616341531276,0.01221671886742115,0.013623331300914287,0.017384465783834457,0.10249146074056625,0.12465335205197334,0.14076641201972961,0.15786271244287492,0.19796554744243622,0.03072219155728817,0.0373746432363987,0.042215496301651,0.047332248836755755,0.05905020236968994,0.44559529423713684,0.6506658911705017,0.8387975692749023,1.1948776960372924,4.058141708374023,0.2959498167037964,2.9037424087524415,8.187742233276367,17.456071853637695,67.71692657470703,0.006437214382458478,0.0460379789583385,0.1478683310560882,0.3603079372318462,1.2451310681644827,0.0002226469059678493,0.013026761589571835,0.1110116308555007,0.4950840698555113,2.2822190523147583,0.0003447742674325127,0.012226399779319764,0.0951107032597065,0.42035949397832156,2.488912582397461,0.5914400331676006,3.1692071199417113,4.935208797454834,6.994777011871338,10.017258167266846,0.0,0.0,5.8764941059052944e-05,0.0003640533890575171,0.001083795796148479,0.3566577881574631,0.3993963599205017,0.4356927424669266,0.4761804223060608,0.5602303445339203,0.000123634934425354,0.0002499982714653015,0.0003940984606742859,0.0006277978420257569,0.0015225335955619812,0.0018136439612135291,0.0025662205182015894,0.003271946799941361,0.004310903954319656,0.007998452289029956,0.001607671845704317,0.002645655535161495,0.003514285432174802,0.004495517583563924,0.0062395501881837845,0.5932620763778687,0.7376816272735596,0.8412278294563293,0.9473744988441467,1.1021901667118073
R1,11,11051,12155,1105,0.05,0.05,0.3176470588235294,1,0.6470588235294118,0.0,0.995538592338562,0.999012541770935,0.9996305704116821,0.999833858013153,0.9999434351921082,0.986929178237915,0.9974530577659607,0.9990818500518799,0.9995859265327454,0.9998785257339478,0.0,0.0,0.0,0.0,0.0,5.6544540711911395e-05,0.00016594593762420118,0.00036844456917606294,0.0009847670095041396,0.0043935044668614864,0.009553649462759495,0.012291443720459937,0.013988484628498554,0.015928910672664644,0.019533632323145866,0.015612936578691006,0.022858359292149542,0.02796747535467148,0.03391472697257995,0.04411269724369049,0.008570997044444084,0.011041225865483284,0.012549984268844128,0.014287575520575047,0.017487095668911934,0.0988418385386467,0.12709546461701393,0.1447625607252121,0.1650468349456787,0.20218085497617722,0.02964557334780693,0.03811092898249626,0.043417178094387054,0.0494748130440712,0.0606490783393383,0.513468325138092,0.6820227622985839,0.8904737830162048,1.224312949180603,3.4468297958374023,0.2660771608352661,2.622492551803589,7.691805362701416,17.213315963745117,58.47878646850586,0.0037798855628352612,0.035382840328384194,0.12305971654132009,0.3224839727394283,0.9221152560785413,0.000158120690684882,0.007553778076544404,0.08221538737416267,0.4263090400956572,1.5630786716938019,0.00014180286234477535,0.007569599337875843,0.07325770799070597,0.41524647325277336,1.8328115046024323,1.0935323536396027,3.578597164154053,5.567247152328491,7.702181053161621,10.576156616210938,0.0,0.0,7.321452721953392e-05,0.00040911235846579074,0.0014282279880717397,0.3301835358142853,0.39010135531425477,0.4259859323501587,0.46734858155250547,0.5867531001567841,0.00013373792171478271,0.00026950836181640627,0.00041481852531433105,0.0006494536995887757,0.0015171542763710022,0.0018192327697761357,0.002656740206293762,0.003324175952002406,0.004301844863221049,0.00650018360465765,0.001678516622632742,0.002681464143097401,0.0037571643479168415,0.004993462795391679,0.008308397140353918,0.5914111733436584,0.7526805758476257,0.8602080047130585,0.9719997823238373,1.150486171245575
R1,12,12156,13260,1105,0.05,0.05,0.4081447963800905,0,0.5918552036199095,0.0,0.9965434670448303,0.9991071939468383,0.9997025728225708,0.9998728036880493,0.999957799911499,0.9926256537437439,0.9978743553161621,0.9993307590484619,0.9997240900993347,0.9999016523361206,0.0,0.0,0.0,0.0,0.0,4.217496098135598e-05,0.00012706254201475531,0.0002963314182125032,0.0008882423164322973,0.0033042666036635637,0.010497085750102997,0.012674601562321187,0.014591345563530922,0.016506725177168845,0.019851582124829292,0.018887005746364594,0.024352478981018066,0.029937682673335075,0.03552682846784592,0.04495460167527199,0.009421145543456078,0.011368730664253235,0.013071048073470592,0.01476850863546133,0.017697248607873917,0.1086014024913311,0.1313239499926567,0.1509278267621994,0.1707947373390198,0.20572760701179504,0.03257017210125923,0.03938760757446289,0.045265793800354004,0.05120950788259506,0.061711132526397705,0.511501669883728,0.7289828896522522,0.9451677799224854,1.3077813863754273,6.359536170959473,0.2697126865386963,2.0277276039123535,7.234204292297363,17.907682037353517,53.784542083740234,0.0022690481564495713,0.02372151827439666,0.0974096565041691,0.31051770553167446,1.2293201069733186,0.00021717659546993673,0.0042948258400429045,0.06106256088241935,0.4346799053251744,2.4584699869155884,0.00017022703104885295,0.004655169101897627,0.05406361445784569,0.378414249420166,1.4465526640415192,1.6581567823886871,4.02621591091156,6.248488664627075,8.557214450836183,11.47742748260498,0.0,0.0,6.59541692584753e-05,0.00041466141119599347,0.0012786657316610217,0.3359525054693222,0.3842321038246155,0.4182269275188446,0.460477688908577,0.5277559459209442,0.0001598149538040161,0.00029354989528656005,0.00043508410453796387,0.0006629213690757752,0.0015376955270767212,0.002084332751110196,0.0027073759119957685,0.003401466179639101,0.004339503706432879,0.007247641449794173,0.0017391794244758785,0.0029295300133526324,0.003998163156211376,0.005216877860948444,0.007554561598226428,0.6065329909324646,0.7700241565704345,0.8860688805580139,1.010570228099823,1.1714804768562317
R1,13,13261,14365,1105,0.05,0.05,0.579185520361991,0,0.42171945701357466,0.0,0.9967511296272278,0.9992880582809448,0.9997516870498657,0.9999149918556214,0.9999816417694092,0.992061972618103,0.9985277652740479,0.9994826316833496,0.9998307943344116,0.9999680519104004,0.0,0.0,0.0,0.0,9.1552734375e-05,1.8391339835943654e-05,8.463769336231053e-05,0.0002471517655067146,0.0006910060532391073,0.003142641158774495,0.011137441731989384,0.01354836318641901,0.015590309165418148,0.01794150471687317,0.020699670538306236,0.020535031333565712,0.02621796652674675,0.03171978145837784,0.03860073387622833,0.04648444801568985,0.009958524256944656,0.0121274396777153,0.013920623809099197,0.01598767414689064,0.01834218017756939,0.11531507968902588,0.1403787061572075,0.16166290640830994,0.18593929409980775,0.2148893028497696,0.03459199145436287,0.042106042802333835,0.04847748577594757,0.05576978474855423,0.06445882469415665,0.6121656894683838,0.8197427153587341,1.044784665107727,1.4599837303161622,2.673842668533325,0.10469280183315277,1.5826624155044555,6.891353130340576,17.633395767211915,47.43675231933594,0.0012981911422684789,0.016003873222507535,0.0804178848702577,0.2784379455260933,0.9256535762542626,6.164529986563139e-05,0.00337644552346319,0.047139359870925546,0.3757843464612961,1.7668130993843079,2.915071127063129e-05,0.002594957558903844,0.04019899806007743,0.35206291079521185,1.5976442098617554,1.6946316957473755,4.434538412094116,6.879385709762573,9.419263172149659,13.113863945007324,0.0,0.0,0.0,0.0002702993107959629,0.000953635957557708,0.3389161080121994,0.3791680306196213,0.41335955262184143,0.45187994837760925,0.5817456841468811,0.00018177926540374756,0.0003066614270210266,0.0004555359482765198,0.0007222458720207215,0.0024480819702148438,0.0019731816719286144,0.0028074124827980997,0.003469007322564721,0.0044060525950044395,0.008006277028471231,0.001962546957656741,0.0031753721996210515,0.004251580219715834,0.005711717111989856,0.007821377366781235,0.6505144536495209,0.7834904313087463,0.9112411439418793,1.049218225479126,1.2257676720619202
R1,14,14366,15470,1105,0.05,0.05,0.7113122171945702,3,0.5185520361990951,0.0,0.9970444440841675,0.9996083498001098,0.9998545050621033,0.9999518394470215,0.9999893307685852,0.9965029954910278,0.9993013143539429,0.9997325539588928,0.9999110698699951,0.9999810457229614,0.0,0.0,0.0,0.0,0.0,1.0702979125198908e-05,4.8089976189658046e-05,0.00014390646538231522,0.00038392958231270313,0.0024536377750337124,0.011227566748857498,0.01382756680250168,0.015951218083500862,0.018777475506067277,0.02583928033709526,0.020851140841841698,0.02800197936594486,0.03379662334918976,0.042420496046543126,0.055688388645648956,0.010019734501838684,0.01232179831713438,0.014208652079105377,0.01671343222260475,0.02272672764956951,0.1162349209189415,0.14325407072901725,0.16517528146505356,0.19488646388053893,0.2687842920422554,0.03486343100667,0.04297203421592712,0.0495428591966629,0.058452514559030534,0.08063158392906189,0.6407525539398193,0.8655735373497009,1.1189895868301392,1.6178336858749391,5.966386318206787,0.1837555468082428,1.4112913370132447,6.692250728607178,17.312308502197265,42.35557174682617,0.0011997108776995447,0.012758463298087008,0.07302610175247537,0.2548983950092861,0.9779966754431371,7.777690598231857e-06,0.00198915041401051,0.03616744722239673,0.33955000061541796,1.9533639997243881,1.6441808838862926e-05,0.0017260381719097495,0.03329094406217337,0.31698917523026465,1.7626286074519157,1.512906938791275,5.033415389060974,7.484901666641235,10.158755493164064,14.323513507843018,0.0,0.0,1.5189056284725666e-05,0.0003440912580117584,0.0011655911221168935,0.3230043798685074,0.3714772194623947,0.4068073034286499,0.44960718154907225,0.5199366509914398,0.00014406442642211914,0.00031374245882034304,0.00047754496335983276,0.0011851295828819274,0.005614973604679108,0.002106292173266411,0.0028730437625199556,0.003624864388257265,0.0048431432340294124,0.009528625290840864,0.001846232102252543,0.0031783193349838256,0.0043338630348443985,0.0058809558395296335,0.008490894921123981,0.6296667456626892,0.8104670524597168,0.9357136785984039,1.0775225698947906,1.2770152688026428
R1,15,15471,16575,1105,0.05,0.05,0.6018099547511312,0,0.5529411764705883,0.0,0.9984009861946106,0.9996196031570435,0.9998869895935059,0.9999663233757019,0.9999923706054688,0.996160626411438,0.9993265628814697,0.9997748732566833,0.9999324560165406,0.9999866485595703,0.0,0.0,0.0,0.0,0.0,7.64502510719467e-06,3.367776444065385e-05,0.00011261053441558033,0.00036723068333230916,0.0015170146944001317,0.009801564738154411,0.013710769265890122,0.015689287334680557,0.018178185820579527,0.023716701194643974,0.016953935846686363,0.027346624806523324,0.03299081698060036,0.040031062066555025,0.04999713599681854,0.008832193911075592,0.012272602505981922,0.014012107625603676,0.016175409033894538,0.02089783549308777,0.10125356167554855,0.14208583533763885,0.16253435611724854,0.18855743259191513,0.24658451974391937,0.030374526977539062,0.042611648142337796,0.04874918982386589,0.056565432250499724,0.07397057116031647,0.6158503293991089,0.8277153730392456,1.0485469102859497,1.3601887702941895,4.3496317863464355,0.03211711719632149,1.1295034885406494,6.043786525726318,16.64583892822266,47.0355339050293,0.00031168919304036535,0.009783879708265886,0.057232348966863356,0.23090590519974513,0.9026734217768535,5.476102273860306e-06,0.00124436446785694,0.028676872490905225,0.3129307746887207,1.7536972165107727,2.9556949812103994e-05,0.001253619242925197,0.02371864579617977,0.25436441988495073,1.6638091206550598,1.5284504890441895,5.3756975650787355,8.102768182754517,10.936361598968507,14.591901302337646,0.0,0.0,3.40932747349143e-05,0.00033869027392938736,0.0009634950547479093,0.3297765851020813,0.36726016700267794,0.4012071192264557,0.441167950630188,0.5126611590385437,0.00012694299221038818,0.00030902475118637084,0.00046162307262420654,0.0006919562816619873,0.0025408416986465454,0.0020648775389418006,0.0029151029884815216,0.003577456809580326,0.00447815905790776,0.007528416579589248,0.001372393628116697,0.0030990259721875193,0.004295674851164222,0.005729047581553459,0.008848598692566156,0.6253190338611603,0.8224989414215088,0.9596425592899323,1.1093783259391785,1.273470938205719
R2,6,5526,6630,1105,0.0,0.009992758870383782,0.03076923076923077,1,0.47149321266968325,0.0,0.941887617111206,0.998494553565979,0.9992638826370239,0.9996097087860107,0.9999786615371704,0.8848377466201782,0.9969485402107239,0.9986060261726379,0.999312162399292,0.9999912977218628,0.0,0.0,0.0,0.0,0.012847900390625,2.1279091015458107e-05,0.0003868633066304028,0.0007272511720657349,0.0014679288025945425,0.018472842872142792,0.008604027330875397,0.011096718162298203,0.013750777579843998,0.020423305034637452,0.03989925980567932,0.013156675733625889,0.02068806253373623,0.030964544042944908,0.04622611030936241,0.07970138639211655,0.007960233837366104,0.010247334465384483,0.012636428698897362,0.01838763616979122,0.033296048641204834,0.08824582770466805,0.11411684229969979,0.14128339290618896,0.2109776735305786,0.4252077043056488,0.02645990252494812,0.034204451739788054,0.04236631840467453,0.06327271610498429,0.1264534294605255,0.27704381942749023,0.4126563847064972,0.5527622103691101,0.7790556430816651,2.8272206783294678,0.0012900112196803093,6.062883281707764,24.895275115966797,164.3130554199219,778.1556396484375,7.037218938421574e-05,0.1253511358052492,0.3838807097636163,0.9934983188286424,4.36029657238214,2.5299202206952032e-05,0.034476203657686715,0.40406787395477295,1.7421493351459503,8.720398426055908,9.86960230875411e-06,0.00911817252635956,0.15675579011440277,0.7038428902626038,4.102113485336304,0.20026390999555588,1.461217713356018,3.3128751516342163,8.392869758605958,14.894768714904785,0.0,0.0,0.0,0.0005523077910766005,0.0023266441421583295,0.32590577006340027,0.38815354704856875,0.4237623065710068,0.4670929789543152,0.5562980771064758,0.00010392814874649048,0.0003320753574371338,0.0006595700979232788,0.001378081738948822,0.0037955492734909058,0.0015636553289368749,0.0030729912919923662,0.004325667046941817,0.006170005723834038,0.010556718334555626,0.0011421248782426119,0.00244219321757555,0.0034474851563572884,0.005086455866694451,0.008973745629191399,0.5074205100536346,0.5536495566368103,0.5951979458332062,0.6447470486164093,0.7371729910373688
R2,7,6631,7735,1105,0.010001810282404057,0.019994569152787838,0.08597285067873303,0,0.9140271493212669,0.0,0.9895763397216797,0.9987648963928223,0.9993695020675659,0.999625825881958,0.9998785853385925,0.9926826357841492,0.9975976586341858,0.9988752007484436,0.9993904829025269,0.9998568296432495,0.0,0.0,0.0,0.0,0.00389862060546875,0.00012119936582166702,0.000373544538160786,0.0006261977832764387,0.0012079691980034113,0.0030812532640993595,0.00781756080687046,0.010198099538683891,0.011709561571478844,0.013655057363212108,0.016387753188610077,0.011429062113165855,0.01633322723209858,0.019693508744239807,0.024579191207885744,0.03407865762710571,0.00716018583625555,0.009243550337851047,0.010595157742500305,0.01222685445100069,0.015167417004704475,0.08043334633111954,0.10538559034466743,0.12093034014105797,0.1416025787591934,0.16933421790599823,0.02411467954516411,0.03158067017793655,0.036226168274879456,0.04244731515645981,0.050750501453876495,0.30647701025009155,0.460694819688797,0.6367267966270447,0.948280429840088,2.1550755500793457,2.1931519508361816,6.09451961517334,14.194544792175293,49.25081405639652,215.25540161132812,0.06728433724492788,0.17531072283163668,0.34439446963369846,0.6181282890960574,1.4668956194072962,0.006332357879728079,0.08433703035116195,0.3202485218644142,1.0136517703533172,2.8565951585769653,0.004641874693334103,0.0495373697951436,0.22071752697229385,0.6594310954213143,1.9256842732429504,0.3323911800980568,1.605026614665985,2.8916878700256348,4.435805702209473,6.694634675979614,0.0,2.3273425176739697e-05,0.0004266730975359678,0.0010662523680366577,0.0024369730381295085,0.3459826707839966,0.40231221318244936,0.4386223256587982,0.47978363931179047,0.5636764317750931,6.778538227081299e-05,0.00015424787998199462,0.00026104599237442017,0.00045671314001083374,0.0011585801839828491,0.0014385975082404912,0.0022166768671013416,0.003015444613993168,0.0042439664248377085,0.007089003920555115,0.0013246404705569148,0.002233790815807879,0.0030108068604022264,0.003907522070221603,0.005712923360988498,0.5312322378158569,0.5901405870914459,0.6338832378387451,0.6851935923099518,0.7693398594856262
R2,8,7736,8840,1105,0.020003620564808113,0.02999637943519189,0.09321266968325792,1,0.8687782805429864,0.0,0.9947329759597778,0.9985807418823243,0.9993870258331299,0.9997228384017944,0.9999000430107117,0.9865716695785522,0.9969053745269776,0.9987648725509644,0.9994450211524963,0.9998190999031067,0.0,0.0,0.0,0.0,0.0,9.983858035411686e-05,0.0002754184883087873,0.0006091030081734061,0.0014079922111704948,0.005130522884428501,0.007889823988080025,0.010217160359025002,0.011651670560240746,0.013524150662124158,0.017495591193437576,0.012229129672050476,0.016633179411292075,0.019841808825731277,0.023948958516120913,0.03251752257347107,0.007059854920953512,0.009179257787764072,0.01043270155787468,0.012022748589515686,0.015319757163524628,0.08171283081173897,0.10573322996497155,0.12063249945640564,0.1406288743019104,0.18248938024044037,0.02450260892510414,0.031706832349300385,0.036157649010419846,0.04215165376663208,0.05468083545565605,0.2581426203250885,0.45198150277137755,0.632796585559845,0.9813069462776185,2.9132535457611084,1.6986217498779297,5.586330032348633,11.976705551147461,28.23932800292969,145.9131317138672,0.048418871592730284,0.1481097785755992,0.2818367946892977,0.5278041656129062,1.5179709197254851,0.003396632499061525,0.0650729738175869,0.256425142288208,0.7667566031217575,2.9885841012001038,0.0055329944007098675,0.04761363305151463,0.20655416697263718,0.6496874272823334,1.80224609375,0.6409578025341034,1.7254855871200563,3.1879576444625854,4.7313871383667,7.178131103515625,0.0,0.0,0.00033406494185328484,0.0009862870443612336,0.002617942402139306,0.36324144899845123,0.4087622493505478,0.44616878032684326,0.48596484363079073,0.5532736778259277,7.098913192749023e-05,0.00013237744569778443,0.00020610541105270386,0.0003411754965782166,0.001399710774421692,0.0013541719526983798,0.0019999841460958123,0.002704668906517327,0.0037684488575905565,0.007235469529405236,0.0008408324210904539,0.002238924754783511,0.0030267684487625957,0.003910727775655687,0.005980778019875288,0.5634219348430634,0.6198405683040619,0.6774546504020691,0.7422818601131439,0.8401838541030884
R2,9,8841,9945,1105,0.030005430847212168,0.039998189717595944,0.07058823529411765,0,0.8624434389140272,0.0,0.9952349662780762,0.9984754204750061,0.9993323087692261,0.999772310256958,0.9999058246612549,0.9895513653755188,0.9965837001800537,0.9985841512680054,0.999559223651886,0.9998601675033569,0.0,0.0,0.0,0.0,0.0,9.402558498550206e-05,0.00022564286482520404,0.0006652837037108839,0.0015125747770071032,0.004653307609260082,0.007903359830379486,0.010625943168997764,0.012203101068735123,0.013911138474941253,0.017682688310742378,0.014292691834270954,0.018848636373877525,0.022587712854146957,0.026965902000665665,0.033780328929424286,0.007142279297113419,0.009594429843127727,0.010997937992215157,0.012552152946591377,0.01589253917336464,0.08168909326195717,0.10974235907196998,0.12604207172989845,0.14382468909025192,0.18285523355007172,0.024479223415255547,0.032901282608509066,0.037790026515722275,0.04312704205513,0.054842423647642136,0.3492613434791565,0.4848488688468933,0.6502029299736023,0.933476459980011,4.065776824951172,0.7279021739959717,4.8992454528808596,10.443541526794434,24.309296417236332,88.6570053100586,0.012396386242471635,0.10417835116386415,0.2347057033330202,0.46808379027061175,1.5786498642992228,0.0019788815116044134,0.04100248087197543,0.1960551869124174,0.6985884994268418,3.149880886077881,0.001167468260973692,0.028823811374604703,0.1655866727232933,0.5593683660030366,2.4139703512191772,0.31978142261505127,2.210477817058563,3.630751848220825,5.44465446472168,8.431422710418701,0.0,0.0,0.0002955042291432619,0.0009397749323397875,0.0030906570609658957,0.3564489632844925,0.4050144016742706,0.4401109218597412,0.481421035528183,0.5442086458206177,9.429454803466797e-05,0.00014878064393997192,0.00020726025104522705,0.00030297040939331055,0.0008968710899353027,0.001413653779309243,0.0020507067558355628,0.0026349930558353662,0.003432519338093698,0.0055152332643046975,0.0014043350820429623,0.002368480188306421,0.0032334940042346716,0.004214146756567061,0.006122995866462588,0.5494876205921173,0.6566429674625397,0.7205068171024323,0.79785435795784,0.9215523898601532
R2,10,9946,11050,1105,0.040007241129616226,0.05,0.18190045248868777,1,0.7067873303167421,0.0,0.9943853616714478,0.9986361026763916,0.9994821548461914,0.9997851729393006,0.9999423027038574,0.9844563603401184,0.9968860387802124,0.9989225268363953,0.9995980620384216,0.9999359846115112,0.0,0.0,0.0,0.0,4.57763671875e-05,5.7486595324007794e-05,0.000207587968907319,0.0005063468124717474,0.0013455919921398164,0.00548789044842124,0.009424744173884392,0.011608592607080937,0.013193029910326004,0.014900767430663108,0.017926843836903572,0.014931281097233295,0.020450203493237496,0.0243814829736948,0.02876522317528725,0.03589962422847748,0.008451445028185844,0.010466250032186509,0.011866874992847443,0.013372974470257759,0.016206033527851105,0.09765764325857162,0.1200473815202713,0.13647343218326569,0.1541371837258339,0.1850506290793419,0.02925848215818405,0.0359833225607872,0.040923237800598145,0.0462264783680439,0.055504560470581055,0.3924367427825928,0.5809017777442932,0.7663519978523254,1.1094955444335937,6.548876762390137,0.9714300632476807,4.306525135040284,9.48963451385498,20.512075424194336,68.77071380615234,0.008602453483035788,0.08098222236149014,0.19442577118752524,0.42243586724507626,0.9819420427083969,0.000810847312095575,0.02271565375849605,0.16194080002605915,0.5537988670170308,1.9416710138320923,0.0011702855699695647,0.022571614268235864,0.13166581839323044,0.5037044823169708,1.5840637683868408,0.750147357583046,2.496790385246277,4.1550703048706055,6.015973997116089,8.518779277801514,0.0,0.0,0.00013996288180351257,0.000588558753952384,0.0017252571997232735,0.3599061518907547,0.3997772097587585,0.43540316820144653,0.4770857155323029,0.551278829574585,0.00011385977268218994,0.0001803189516067505,0.00025299936532974243,0.0003708705306053162,0.0009459555149078369,0.0015096780261956155,0.0022033359156921504,0.0027540650917217135,0.003561033681035042,0.006230661645531654,0.0013350709341466427,0.0025900580221787095,0.003559183795005083,0.0045629998203366995,0.006172813940793276,0.574764758348465,0.6917279183864593,0.7742947638034821,0.8707855999469757,1.0833820104599
R2,11,11051,12155,1105,0.05,0.05,0.25972850678733034,0,0.8126696832579186,0.0,0.9951817393302917,0.9990216374397278,0.9996532201766968,0.9998636722564698,0.9999623894691467,0.9898303151130676,0.9980896472930908,0.9993307590484619,0.9997695088386536,0.9999384880065918,0.0,0.0,0.0,0.0,0.0001983642578125,3.7576981412712485e-05,0.00013223298883531244,0.0003244568360969424,0.0008868132950738073,0.004358520731329918,0.00974559597671032,0.011445170640945435,0.013227694667875767,0.015627947449684144,0.02089211717247963,0.01622719131410122,0.02064232751727104,0.025591732934117317,0.03222755342721939,0.04664204269647598,0.008792858570814133,0.010316878743469714,0.01192428357899189,0.014080813527107239,0.019062776118516922,0.10067904368042946,0.11818911209702491,0.13683442771434784,0.16146066635847092,0.21660995483398438,0.03013533353805542,0.03544091135263443,0.04102654755115509,0.048427528142929076,0.06490901112556458,0.4485454261302948,0.6415687561035156,0.8514901995658875,1.2265514135360718,3.43559193611145,0.6164957880973816,3.522603750228882,8.993221282958984,20.203518295288088,56.55359649658203,0.009925199206918478,0.0560903494944796,0.15852953353896737,0.36975859315134585,1.0847594148945063,0.0008813355379970744,0.014929108507931232,0.1143367625772953,0.5491113528609276,2.145877718925476,0.0003273980546509847,0.012771913991309704,0.09779752418398857,0.45299484878778457,1.3311587572097778,0.9527557492256165,2.9594406366348265,4.879568576812744,6.910811233520508,11.183927059173584,0.0,0.0,0.00019484746735543013,0.0006694077863357961,0.0015216058818623424,0.33145977556705475,0.39230005741119384,0.42804592847824097,0.46868976354599,0.5819767117500305,0.00012508779764175415,0.00019319653511047364,0.0002772212028503418,0.00044096261262893677,0.0021682679653167725,0.001490745518822223,0.0022111699800007045,0.0027922230074182153,0.003654684266075492,0.006459824275225401,0.0014968778123147786,0.0025366868823766707,0.0036028611939400434,0.004984215507283807,0.007944198092445731,0.612426221370697,0.7237057685852051,0.8227943181991577,0.9323181509971619,1.1797351241111755
R2,12,12156,13260,1105,0.05,0.05,0.34751131221719456,1,0.8,0.0,0.9988559484481812,0.9996327042579651,0.9998350143432617,0.9999297380447387,0.9999830722808838,0.9970190525054932,0.9992249011993408,0.9996874332427979,0.9998836755752564,0.9999716281890869,0.0,0.0,0.0,0.0,1.52587890625e-05,1.6894127838895656e-05,6.905355403432623e-05,0.00016187934670597315,0.0003561858902685344,0.0011176005937159061,0.009388900361955166,0.011831645295023918,0.013783292844891548,0.016172377020120622,0.020701395347714424,0.015927044674754143,0.022578814625740053,0.028282051905989647,0.035935983061790466,0.04827252775430679,0.008492738008499146,0.010628072544932365,0.012388929724693298,0.01454912219196558,0.018545152619481087,0.0968870185315609,0.122065469622612,0.14262084662914276,0.16708805710077285,0.21432994306087494,0.029063474386930466,0.036613497883081436,0.042769115418195724,0.05011544451117515,0.06427562236785889,0.5436636805534363,0.7100098133087158,0.9102100729942322,1.2916332960128785,4.0996174812316895,0.2682255208492279,3.0077970027923584,8.477962493896484,19.624248123168947,107.07971954345703,0.004039107239805162,0.03747480942402035,0.12498473669984378,0.35751101458445195,1.2608538788190344,0.00018385517614660785,0.008071040082722903,0.09382577612996101,0.4786232650279999,2.5183907747268677,0.0001536436247988604,0.006920712452847512,0.07245887070894241,0.4013537209481001,1.611572027206421,0.8882545828819275,3.426117444038391,5.3985631465911865,7.616507148742675,11.45060110092163,0.0,0.0,0.00018875859677791595,0.0006070865318179131,0.0014479778474196792,0.33638450503349304,0.38105919659137727,0.41685041785240173,0.45722274780273436,0.5363373458385468,0.00013706088066101074,0.0002336263656616211,0.0003324151039123535,0.000546310842037201,0.0026726946234703064,0.0017305652145296335,0.002353209420107305,0.0028899895260110497,0.0036395430797711015,0.005476540187373757,0.0015586631488986313,0.002747610840015113,0.003843784099444747,0.005275720823556185,0.008376314770430326,0.5836539268493652,0.7332308530807495,0.8423508703708649,0.9602216362953186,1.1478785872459412
R2,13,13261,14365,1105,0.05,0.05,0.3728506787330317,1,0.7764705882352941,0.0,0.9986768364906311,0.9996796727180481,0.9998533129692078,0.9999358654022217,0.9999793767929077,0.9965837001800537,0.9993196249008178,0.9997063279151917,0.9998902082443237,0.999983549118042,0.0,0.0,0.0,0.0,1.52587890625e-05,2.0619972929125652e-05,6.379431142704562e-05,0.00014445302076637745,0.00031512862769886855,0.0013075480237603188,0.009634763933718204,0.011912553384900094,0.014148548245429993,0.017348985373973846,0.025839097797870636,0.017002124339342117,0.023224642127752305,0.029723340645432472,0.039777360111474994,0.05508473515510559,0.008606239221990108,0.010720369033515453,0.012722580693662167,0.015594454482197762,0.02315555140376091,0.09978557378053665,0.12320558652281761,0.14627745002508163,0.17927706837654114,0.2673635929822922,0.02993343397974968,0.036957943439483644,0.04387141391634941,0.05377237051725388,0.08020266890525818,0.5580723881721497,0.7411106824874878,0.9278768301010132,1.2648636341094972,3.2987782955169678,0.2603817284107208,2.431444692611694,7.609278678894043,19.195372772216796,80.71662139892578,0.0036690251145046204,0.029616604512557387,0.10570985358208418,0.3072109070373699,0.9348904924554517,0.0002488673635525629,0.005711268814047799,0.06935660913586617,0.3933242116123438,1.8677536249160767,0.00017502046102890745,0.006323633878491819,0.060127515345811844,0.3503514200448992,1.7038341164588928,0.714091032743454,3.7908788681030274,5.996905088424683,8.367317628860475,11.451506614685059,0.0,0.0,0.0001811882248148322,0.0006061133230105043,0.0017491350881755352,0.3204077333211899,0.37093927562236784,0.404574453830719,0.44517478942871097,0.5711760520935059,0.0001453608274459839,0.00024414211511611936,0.00037644803524017334,0.0006418377161026001,0.0021212920546531677,0.0016995836049318314,0.0023796667577698828,0.0029468577122315764,0.0036834439961239696,0.005412186263129115,0.0017030526651069522,0.002722291275858879,0.003950577869545668,0.0057417300529778005,0.01209391001611948,0.6114622354507446,0.7401997327804566,0.8576132655143738,0.9859746634960175,1.1902264952659607
R2,14,14366,15470,1105,0.05,0.05,0.40180995475113124,0,0.7683257918552037,0.0,0.9995180368423462,0.9998067140579223,0.9999131560325623,0.9999618530273438,0.999984860420227,0.9989266991615295,0.9996825456619263,0.9998557567596436,0.9999362707138062,0.9999827146530151,0.0,0.0,0.0,0.0,0.0,1.5075698684086092e-05,3.799918995355256e-05,8.577594417147338e-05,0.00018773339688777927,0.0004761706804856658,0.010409156791865826,0.012373079732060432,0.014617865905165672,0.017607196047902108,0.026448829099535942,0.01932215504348278,0.02468838542699814,0.031230811029672623,0.03988604918122292,0.05569053068757057,0.009352291002869606,0.011145789548754692,0.013124842196702957,0.015762483328580858,0.02342102862894535,0.10763774439692497,0.12799466475844384,0.15124858170747757,0.18234532326459885,0.274654358625412,0.03228571265935898,0.03839393630623818,0.04537287354469299,0.05469335615634918,0.08237895369529724,0.6024134755134583,0.7729752540588379,0.9560845494270325,1.2212258577346802,2.209592819213867,0.08166436851024628,1.798659372329712,7.749526500701904,19.156764602661134,58.56930923461914,0.0008916435835999437,0.01762370318901958,0.09277760912664235,0.31103440997831067,0.8145102417984162,0.0001106051859096624,0.003234823202365078,0.052789978159125894,0.3786628216505051,1.6170932054519653,7.950756480568089e-05,0.0032834474550327286,0.04616704257205129,0.3283957041800022,1.3871667981147766,1.7371373176574707,4.344856381416321,6.6514527797698975,9.12260456085205,13.131124019622803,0.0,0.0,0.0001626955345273018,0.0005214184406213464,0.0011176702682860196,0.3059898316860199,0.35855435729026797,0.39306043088436127,0.43703471720218656,0.5141987502574921,0.00015550851821899414,0.00026657134294509887,0.000396139919757843,0.0006394058465957642,0.002845950424671173,0.0017661768943071365,0.0024613810470327734,0.003005141858011484,0.003770374762825668,0.005705527262762189,0.0016202227561734617,0.002865773276425898,0.0041978261433541775,0.005904432805255056,0.010726993903517723,0.5703935623168945,0.7576191604137421,0.8817742168903351,1.0102718770503998,1.226487934589386
R2,15,15471,16575,1105,0.05,0.05,0.5113122171945701,3,0.7764705882352941,0.0,0.9992620944976807,0.9997974872589112,0.9999029636383057,0.9999508619308471,0.9999843239784241,0.998816728591919,0.9996116518974304,0.9998218417167664,0.9999151229858398,0.9999692440032959,0.0,0.0,0.0,0.0,1.52587890625e-05,1.5673907910240814e-05,4.9075125571107495e-05,9.547029912937433e-05,0.0001948543969774619,0.0005671462276950479,0.008896339684724808,0.012231378629803658,0.014901967719197273,0.018201589584350586,0.03126052767038345,0.015018786303699017,0.02501688040792942,0.032309386879205704,0.04245722368359566,0.06330669671297073,0.008029069751501083,0.011036141961812972,0.013374460861086845,0.01625834181904793,0.02741016075015068,0.09186126291751862,0.12635419070720671,0.15403509140014648,0.18858149200677873,0.32552599906921387,0.027556728571653366,0.037900662422180174,0.046207159757614136,0.05657011643052101,0.09763716161251068,0.6271696090698242,0.7994636535644531,1.007243275642395,1.3512892007827761,4.529926776885986,0.12961174547672272,1.7101895093917847,6.762598991394043,18.405676269531252,59.585872650146484,0.00131697684264509,0.014655388591563678,0.07118662254652008,0.25471115403343,0.9546230558898969,5.673771511283121e-06,0.002750561697757803,0.0403804782545194,0.34441050793975597,1.908973753452301,1.1580189493543003e-05,0.0025274021521909163,0.03687333036214113,0.2734963744878769,1.487009584903717,1.609761819243431,4.743853330612183,7.192546367645264,9.809660148620607,14.347802639007568,0.0,0.0,0.00018027890473604202,0.0005545504158362747,0.0016557475319132209,0.2964515835046768,0.349714121222496,0.3840223103761673,0.42477043271064757,0.5010540783405304,0.00011703372001647949,0.0002768203616142273,0.000417463481426239,0.0006533145904541015,0.001778729259967804,0.0018212029244750738,0.002467516856268048,0.003040873329155147,0.003744823834858835,0.0068297062534838915,0.001345821307040751,0.002839579153805971,0.00433263392187655,0.0062739862594753506,0.013204035814851522,0.6152550280094147,0.7702688753604889,0.9034110903739929,1.0342988789081573,1.250706136226654
