branch,epoch,first_update,last_update,updates,lambda_adv_first,lambda_adv_last,s_hf,frac_G_clipped,frac_D_clipped,amp_retry_updates,amp_retry_attempts_extra,min_G_scale,min_D_scale,frac_budget_active,frac_M_mean_lt_0.01,M_mean_min,M_mean_p10,M_mean_p50,M_mean_p90,M_mean_max,M_p01_min,M_p01_p10,M_p01_p50,M_p01_p90,M_p01_max,M_p10_min,M_p10_p10,M_p10_p50,M_p10_p90,M_p10_max,M_p50_min,M_p50_p10,M_p50_p50,M_p50_p90,M_p50_max,frac_M_lt_1e-2_min,frac_M_lt_1e-2_p10,frac_M_lt_1e-2_p50,frac_M_lt_1e-2_p90,frac_M_lt_1e-2_max,frac_M_gt_0.99_min,frac_M_gt_0.99_p10,frac_M_gt_0.99_p50,frac_M_gt_0.99_p90,frac_M_gt_0.99_max,M_spatial_var_mean_min,M_spatial_var_mean_p10,M_spatial_var_mean_p50,M_spatial_var_mean_p90,M_spatial_var_mean_max,sigmoid_deriv_mean_min,sigmoid_deriv_mean_p10,sigmoid_deriv_mean_p50,sigmoid_deriv_mean_p90,sigmoid_deriv_mean_max,logit_mean_min,logit_mean_p10,logit_mean_p50,logit_mean_p90,logit_mean_max,A_mean_min,A_mean_p10,A_mean_p50,A_mean_p90,A_mean_max,A_p90_min,A_p90_p10,A_p90_p50,A_p90_p90,A_p90_max,abs_xhat_minus_target_mean_min,abs_xhat_minus_target_mean_p10,abs_xhat_minus_target_mean_p50,abs_xhat_minus_target_mean_p90,abs_xhat_minus_target_mean_max,tanh_hf_absmean_min,tanh_hf_absmean_p10,tanh_hf_absmean_p50,tanh_hf_absmean_p90,tanh_hf_absmean_max,M_times_abs_delta_HF_mean_min,M_times_abs_delta_HF_mean_p10,M_times_abs_delta_HF_mean_p50,M_times_abs_delta_HF_mean_p90,M_times_abs_delta_HF_mean_max,G_grad_norm_min,G_grad_norm_p10,G_grad_norm_p50,G_grad_norm_p90,G_grad_norm_max,D_grad_norm_min,D_grad_norm_p10,D_grad_norm_p50,D_grad_norm_p90,D_grad_norm_max,Dlogit_real_mean_min,Dlogit_real_mean_p10,Dlogit_real_mean_p50,Dlogit_real_mean_p90,Dlogit_real_mean_max,Dlogit_fake_mean_min,Dlogit_fake_mean_p10,Dlogit_fake_mean_p50,Dlogit_fake_mean_p90,Dlogit_fake_mean_max,Dlogit_real_sig_mean_min,Dlogit_real_sig_mean_p10,Dlogit_real_sig_mean_p50,Dlogit_real_sig_mean_p90,Dlogit_real_sig_mean_max,Dlogit_fake_sig_mean_min,Dlogit_fake_sig_mean_p10,Dlogit_fake_sig_mean_p50,Dlogit_fake_sig_mean_p90,Dlogit_fake_sig_mean_max,D_total_min,D_total_p10,D_total_p50,D_total_p90,D_total_max,D_real_min,D_real_p10,D_real_p50,D_real_p90,D_real_max,D_fake_min,D_fake_p10,D_fake_p50,D_fake_p90,D_fake_max,gadv_min,gadv_p10,gadv_p50,gadv_p90,gadv_max,budget_min,budget_p10,budget_p50,budget_p90,budget_max,artcon_min,artcon_p10,artcon_p50,artcon_p90,artcon_max,spec_min,spec_p10,spec_p50,spec_p90,spec_max,id_min,id_p10,id_p50,id_p90,id_max,lm_min,lm_p10,lm_p50,lm_p90,lm_max,bg_min,bg_p10,bg_p50,bg_p90,bg_max,G_total_min,G_total_p10,G_total_p50,G_total_p90,G_total_max
S0,16,16576,17680,1105,0.1,0.1,0.15,0.9990950226244344,0.881447963800905,2,2,16384.0,8192.0,0.27239819004524884,0.0,0.9944645166397095,0.9988015174865723,0.9995458126068115,0.9998521089553833,0.9999647736549377,0.952397346496582,0.9876639246940613,0.9957020878791809,0.9985548853874207,0.9996672868728638,0.9858821630477905,0.997005033493042,0.9989012479782104,0.9996790409088134,0.9999269247055054,0.9985647201538086,0.9997240900993347,0.999891996383667,0.9999653339385987,0.9999947547912598,0.0,0.0,0.0,0.0,0.0,0.8445205688476562,0.9853897094726562,0.9979934692382812,0.9997940063476562,1.0,1.0632153824019497e-08,1.9568807090308838e-07,1.9871249605785124e-06,1.6731293362681762e-05,0.0003055339038837701,3.524305793689564e-05,0.00014742659986950458,0.000449638202553615,0.0011825763853266836,0.005315020680427551,6.969614028930664,8.557266998291016,9.588240623474121,10.899752426147462,13.536125183105469,0.011979356408119202,0.015664179995656013,0.018968984484672546,0.02336495965719223,0.033287860453128815,0.02067282423377037,0.029926384240388872,0.03897752985358238,0.054025474935770035,0.0771750956773758,0.010650081560015678,0.014058637619018556,0.016997849568724632,0.020867420732975005,0.029702795669436455,0.08291786909103394,0.10803107395768166,0.1308499500155449,0.1614363133907318,0.23024963587522507,0.03727775067090988,0.048601822555065156,0.058841049671173096,0.07262203395366669,0.10360869020223618,0.9623991250991821,1.6871065616607666,2.3222897052764893,3.9750845432281503,29.611101150512695,0.052155863493680954,0.9122301697731018,6.142612457275391,18.035015106201172,48.445491790771484,0.9738281965255737,5.88557653427124,8.72427225112915,11.307866859436036,14.390639305114746,-14.945440769195557,-11.225799369812012,-8.287646293640137,-5.292072296142578,-0.7568352222442627,0.5970610976219177,0.8671522617340088,0.9796858429908752,0.9990100681781768,0.9999902546405792,2.770868013612926e-05,0.001045005302876234,0.018180142491473816,0.12592755649238827,0.5296326652169228,0.00045547310037363786,0.00767730282204866,0.055143031058833,0.22688527606877648,0.9063774685600947,9.768554946276709e-06,0.0010003250499721617,0.023868233431130648,0.2977438177913428,1.476091044023633,2.7697551104211016e-05,0.001069554130663164,0.021016807295382023,0.2609777026751544,1.7226697206497192,2.173519879579544,5.574067330360413,8.309107065200806,11.227426719665527,14.945534229278564,0.0,0.0,0.0,0.00012952629476785661,0.0004573067417368293,0.3229072690010071,0.3715206027030945,0.40518760681152344,0.4458886981010437,0.5126373022794724,0.01980090606957674,0.025270304083824156,0.029978047125041485,0.03560245931148529,0.047274570912122726,0.00020822882652282715,0.0004140019416809082,0.0006652846932411194,0.002809573709964753,0.01196228712797165,0.0024285699473693967,0.003084860905073583,0.004056787816807628,0.0057364347856491815,0.009376099798828363,0.0017884513945318758,0.0037254121387377383,0.005377659108489752,0.007508545485325158,0.011399142909795046,0.731600284576416,1.1141995072364808,1.3896761536598206,1.691352367401123,2.0712193846702576
S0,17,17681,18785,1105,0.1,0.1,0.15,1.0,0.8723981900452489,0,0,16384.0,8192.0,0.18733031674208145,0.0,0.9965275526046753,0.9989574670791626,0.999576985836029,0.9998310685157776,0.9999538660049438,0.9553191661834717,0.9882856726646423,0.9954439401626587,0.9982630848884583,0.9996239542961121,0.9911182522773743,0.9974983334541321,0.9990527033805847,0.9996390819549561,0.9998984336853027,0.9989515542984009,0.9997997879981995,0.9999215602874756,0.9999677181243897,0.999992847442627,0.0,0.0,0.0,0.0,0.0,0.9120712280273438,0.9874679565429687,0.997406005859375,0.9995162963867188,0.9999771118164062,3.2648305392513066e-08,4.5417731939778607e-07,3.114117362201796e-06,2.4558204313507313e-05,0.0003175890597049147,4.60804694739636e-05,0.0001682492031250149,0.0004158984520472586,0.0010131043614819645,0.0033130492083728313,7.161021709442139,8.858156204223633,9.76976490020752,10.674260711669922,12.098329544067383,0.012171453796327114,0.016260050982236863,0.019234193488955498,0.022612717002630234,0.02919592894613743,0.022229980677366257,0.03135436922311783,0.0388338528573513,0.04947196543216705,0.07192178815603256,0.010951679199934006,0.014638558030128479,0.0172107070684433,0.020192420482635497,0.026030484586954117,0.08397361636161804,0.11213196367025376,0.1327664740383625,0.15624018162488937,0.2016993835568428,0.03774622455239296,0.050426334142684937,0.05972033739089966,0.07028636932373047,0.09075596183538437,1.196244478225708,1.69939284324646,2.235443592071533,3.1933462619781494,8.505475044250488,0.08704771846532822,0.849813973903656,5.599442005157471,17.93800048828125,53.84268569946289,1.7223381996154785,6.307125735282898,9.152873039245605,11.992024135589599,17.834686279296875,-15.996969223022461,-11.78810453414917,-8.742534399032593,-5.734638309478759,1.3377615809440613,0.536145031452179,0.8780937910079956,0.9822987616062164,0.9993796169757843,0.9999968409538269,5.443526902126905e-06,0.000625653291353956,0.016089220938738436,0.11317472495138645,0.6191592067480087,0.000687681258568773,0.006166461079192232,0.044997221455560066,0.22763079782016576,1.0425077014124327,3.1496450674239895e-06,0.0006695599178783597,0.021341047045098094,0.2779308773897356,2.030499041080475,5.417267630036804e-06,0.0006306374329142274,0.018768133129924536,0.2267924358136952,2.0849833488464355,0.7472216188907623,6.020886754989624,8.77918815612793,11.788240718841553,15.996976375579834,0.0,0.0,0.0,6.566739175468684e-05,0.0004431898705661297,0.33366841077804565,0.36886906027793886,0.4052708148956299,0.4447921812534332,0.5561026632785797,0.020264238119125366,0.025420271791517735,0.030080397613346577,0.03549233414232731,0.04833860136568546,0.00021369010210037231,0.00042845308780670166,0.0006418600678443909,0.0009414061903953553,0.0037708133459091187,0.0023170100175775588,0.003190770954824984,0.0040699964156374335,0.005219845194369555,0.00966664869338274,0.0024055055109784007,0.003826582175679505,0.005564889404922724,0.007578268321231008,0.011897675227373838,0.6479074954986572,1.160115647315979,1.4459930658340454,1.754139566421509,2.153930902481079
S0,18,18786,19890,1105,0.1,0.1,0.15,1.0,0.8461538461538461,2,2,16384.0,8192.0,0.14027149321266968,0.0,0.9948222637176514,0.9985299825668335,0.9994668960571289,0.9997978568077087,0.9999503493309021,0.9394705891609192,0.9819662690162658,0.9936044216156006,0.9976533889770508,0.9994557499885559,0.9853842854499817,0.9961755275726318,0.9987162351608276,0.9995660185813904,0.9998984336853027,0.9991306662559509,0.9997817873954773,0.9999274015426636,0.999971866607666,0.9999902248382568,0.0,0.0,0.0,0.0,0.0,0.8530120849609375,0.9720138549804688,0.99554443359375,0.9991912841796875,0.9999847412109375,3.138928761359239e-08,7.301726896002947e-07,4.521827577264048e-06,2.942976061603987e-05,0.0002662223414517939,4.952550079906359e-05,0.00019989634747616947,0.0005281403427943587,0.0014454329386353493,0.00496832188218832,7.338250160217285,8.80936279296875,9.826396942138672,10.888820266723632,12.673543930053711,0.012620974332094193,0.01628328412771225,0.019608115777373314,0.024222134798765182,0.036499831825494766,0.02300327830016613,0.03188312724232674,0.04040466621518135,0.05525224730372429,0.09082082659006119,0.011311727575957775,0.014672983437776566,0.01759158819913864,0.021563029289245608,0.03166685998439789,0.08718284592032433,0.11203092560172082,0.1354631371796131,0.16777113527059556,0.2541763558983803,0.039185576140880585,0.050383415818214414,0.060897164046764374,0.07547969371080399,0.11434736102819443,1.1466491222381592,1.791801881790161,2.3977506160736084,3.713114929199219,27.62285804748535,0.034097447991371155,0.561382830142975,4.968164920806885,18.206198120117186,83.04659271240234,0.6687561017461121,6.503038692474365,9.813573360443115,12.405776119232177,16.753820419311523,-18.23700714111328,-12.365013599395752,-9.18290662765503,-5.993150997161864,-0.837804526090622,0.543984979391098,0.8788183152675628,0.9867720901966095,0.9994895935058594,0.9999986588954926,1.9552468017991487e-06,0.0005369798149331474,0.011687633232213557,0.11980616347864272,0.42222605645656586,0.000308804527776374,0.0040878070547478275,0.03837883021333255,0.2312264767329907,0.9446709183721396,1.3625904102809727e-06,0.0005139925855473848,0.015837180893868208,0.26553187072277074,1.4830656051635742,1.920130557664379e-06,0.0005448475072626025,0.013531965043512173,0.2275098890066147,1.8889138996601105,1.931096374988556,6.220172452926636,9.222503185272217,12.37602653503418,18.237024307250977,0.0,0.0,0.0,2.4915742687881004e-05,0.00042113440576940775,0.3030725419521332,0.3688819169998169,0.40305596590042114,0.44472267627716067,0.5543773472309113,0.018854493740946054,0.025240221433341502,0.030045481398701668,0.035598012059926985,0.04599751532077789,0.0002422630786895752,0.00042556971311569214,0.0006674900650978088,0.0010872006416320801,0.0026229694485664368,0.002133044006768614,0.003204112011007965,0.004163123434409499,0.005352471442893148,0.008277709363028407,0.0024958353023976088,0.003824516478925943,0.005682939430698752,0.008371797017753124,0.0163859692402184,0.7219343185424805,1.1755337953567504,1.4883778095245361,1.8087865710258484,2.400246262550354
S0,19,19891,20995,1105,0.1,0.1,0.15,1.0,0.8307692307692308,1,2,4096.0,8192.0,0.15656108597285068,0.0,0.996846079826355,0.9988687992095947,0.9995204210281372,0.9997941493988037,0.9999505281448364,0.9465966820716858,0.9870936751365662,0.9948745369911194,0.9977991938591003,0.999464213848114,0.9925969839096069,0.9970878958702087,0.9988664388656616,0.9995636820793152,0.9998859167098999,0.9989225268363953,0.999783456325531,0.9999145269393921,0.9999654293060303,0.9999916553497314,0.0,0.0,0.0,0.0,0.0,0.92608642578125,0.9837875366210938,0.9970550537109375,0.9993057250976562,1.0,3.45808537360881e-08,7.545560151811515e-07,4.307257768232375e-06,2.16975331568392e-05,0.00014555671077687293,4.944320971844718e-05,0.00020460952364373953,0.0004742522141896188,0.0011088408064097166,0.003067256882786751,7.1213297843933105,8.74831256866455,9.77458381652832,10.86285629272461,13.057628631591797,0.013035228475928307,0.015866798907518388,0.019241254776716232,0.02482738345861435,0.03482719510793686,0.024074887856841087,0.03175494447350502,0.04008845239877701,0.058130094408988954,0.08762402087450027,0.011730661615729332,0.014323577657341957,0.01726992055773735,0.02197219170629978,0.030469173565506935,0.08996805176138878,0.10924177840352059,0.13296778872609138,0.17205017060041428,0.24189820140600204,0.04042733088135719,0.04912685230374336,0.05982233211398125,0.07739045768976212,0.10884322971105576,1.3104639053344727,1.7439201593399047,2.3113441467285156,3.625073528289795,125.1665267944336,0.016170945018529892,0.5116267919540406,4.514420509338379,17.38785438537598,53.77223587036133,1.9261696338653564,7.103997802734375,10.13298225402832,12.763031005859375,18.22018814086914,-18.09627056121826,-12.872557258605957,-9.72126054763794,-6.747841310501099,-0.9264913201332092,0.6262955367565155,0.8901362359523773,0.9892382323741913,0.9995133638381958,0.9999931752681732,7.371033916570013e-06,0.0004214991873595864,0.009196327067911625,0.09537959554727422,0.34393949806690216,0.00016384736591135152,0.0035714512190452297,0.03288985989638604,0.1842413126774773,0.8620494576462079,6.864642273285426e-06,0.00048820917145349086,0.012949919328093529,0.24152547309640798,1.4635412096977234,7.337133411056129e-06,0.0004225308599416167,0.01062446781725157,0.18545409187208864,1.7214715026202612,1.9458500146865845,6.90820426940918,9.76154613494873,12.881848335266113,18.09630584716797,0.0,0.0,0.0,3.232457675039772e-05,0.0004910208517685533,0.31492823362350464,0.3632187098264694,0.39845073223114014,0.4379680693149567,0.4980149567127228,0.01889254990965128,0.02548759654164314,0.03010550979524851,0.035354935005307196,0.044193387031555176,0.0002610012888908386,0.0004182770848274231,0.0006714016199111938,0.0010983362793922425,0.0030375272035598755,0.002248685574159026,0.0031908713281154633,0.004069213755428791,0.0052824439480900764,0.007535745156928897,0.0021522973547689617,0.003684237180277705,0.005504274973645806,0.008596285805106163,0.014506876934319735,0.7342832684516907,1.2439469933509826,1.5327624678611755,1.842854368686676,2.3824962377548218
S0,20,20996,22100,1105,0.1,0.1,0.15,1.0,0.7855203619909502,0,0,4096.0,8192.0,0.151131221719457,0.0,0.9963458180427551,0.9989193797111511,0.999487578868866,0.9997414827346802,0.9999553561210632,0.9628831148147583,0.9891324043273926,0.9948803186416626,0.9974578499794007,0.9995063543319702,0.9915544390678406,0.9974431276321412,0.9988213181495667,0.9994407296180725,0.9998867511749268,0.9986489415168762,0.9997108578681946,0.9998736381530762,0.9999452829360962,0.9999932050704956,0.0,0.0,0.0,0.0,0.0,0.9200973510742188,0.98824462890625,0.9969100952148438,0.9992141723632812,0.9999923706054688,1.5061992542086955e-08,8.575309379921237e-07,4.243797775416169e-06,2.2371433806256392e-05,0.0004191831685602665,4.457621253095567e-05,0.0002562028355896473,0.0005088511388748884,0.0010620028479024768,0.003566617611795664,6.928796768188477,8.517202186584473,9.455374717712402,10.645753288269043,14.01024341583252,0.012841865420341492,0.01641932837665081,0.019406331703066826,0.024988539889454844,0.04214465618133545,0.024677598848938942,0.03330766558647156,0.041109226644039154,0.06089835986495018,0.09789271652698517,0.011628402397036552,0.014829455688595772,0.017434094101190567,0.022175858542323113,0.03670379891991615,0.08834006637334824,0.11312543675303459,0.13377165794372559,0.17289656326174735,0.29310745745897293,0.03974232077598572,0.0508777029812336,0.06014975905418396,0.07776982337236404,0.13188046216964722,1.3248487710952759,1.6961955070495605,2.3046038150787354,3.4887777805328373,15.308056831359863,0.0011366786202415824,0.3995433568954468,3.9636316299438477,16.036970138549805,55.36093521118164,3.066410183906555,7.957903814315796,10.618330955505371,13.606838798522949,17.43972396850586,-19.057684898376465,-13.514177608489991,-10.24710464477539,-6.963102626800537,-2.733620285987854,0.6135476976633072,0.9128440797328949,0.9907050430774689,0.9997089564800262,0.9999985098838806,9.262660967124248e-07,0.00027312062156852334,0.007868663757108152,0.09283852530061269,0.2858334332704544,8.941631657322091e-06,0.0024639120332722087,0.026883220678882935,0.16493439123732972,1.0105088419659296,1.51927175195965e-06,0.0002958457321483365,0.010699600577936508,0.1711771246045828,1.7743068002164364,8.936723077113129e-07,0.00027537835558177903,0.009194197598844767,0.17691397294402125,2.0207503619167255,3.653447985649109,7.152677726745606,10.265345573425293,13.5156418800354,19.057684898376465,0.0,0.0,0.0,3.6484887823462505e-05,0.00037321681156754494,0.29935412108898163,0.35451267957687377,0.39097869396209717,0.4293781816959381,0.5411927700042725,0.019502734765410423,0.025443685613572596,0.030212702229619026,0.03576323762536049,0.04535702057182789,0.00021112710237503052,0.00045411735773086547,0.0006695091724395752,0.0011474817991256716,0.002463892102241516,0.002179352450184524,0.0033092934638261793,0.004263866110704839,0.0054304410703480245,0.007144780596718192,0.0022715701488777995,0.003850870579481125,0.005550455302000046,0.008698413567617535,0.017169641330838203,0.8944278061389923,1.2678909778594971,1.5791789293289185,1.897026550769806,2.4523009061813354
S0,21,22101,23205,1105,0.1,0.1,0.15,1.0,0.7547511312217194,1,1,4096.0,8192.0,0.1420814479638009,0.0,0.9977719783782959,0.9990691781044007,0.999519407749176,0.9997705936431884,0.9999393224716187,0.961243748664856,0.9903290271759033,0.9950699210166931,0.9977534174919128,0.9994946718215942,0.995566189289093,0.9979364395141601,0.9989012479782104,0.9994926452636719,0.9998794794082642,0.9992678761482239,0.9997387528419495,0.9998775720596313,0.9999507427215576,0.9999912977218628,0.0,0.0,0.0,0.0,0.0,0.9670028686523438,0.990545654296875,0.9972381591796875,0.9993942260742188,0.9999923706054688,6.394682827703946e-08,7.024382171039179e-07,3.9897877286421135e-06,2.126667786797044e-05,0.00026201512082479894,5.919240356888622e-05,0.00022496149176731706,0.00047494092723354697,0.0009024629369378091,0.002103275153785944,7.565443515777588,8.704421043395996,9.517685890197754,10.56504955291748,13.512435913085938,0.013823745772242546,0.01676657795906067,0.019790053367614746,0.024133695662021636,0.0352393202483654,0.027431463822722435,0.03430772870779038,0.04238737374544144,0.05648388564586639,0.08375152945518494,0.012451588176190853,0.015136024169623851,0.01774696633219719,0.02148176170885563,0.030913181602954865,0.09530356153845787,0.11545891389250755,0.1365409418940544,0.166898200660944,0.2445642128586769,0.04285356029868126,0.051931914687156674,0.061429839581251144,0.07508800029754639,0.11004631221294403,1.2870728969573975,1.6932759046554566,2.2288687229156494,3.3238493442535404,10.210503578186035,0.00350497430190444,0.30919167399406433,3.2187840938568115,15.291924476623537,58.58246612548828,3.0745855569839478,8.135900068283082,11.249800205230713,14.42453441619873,17.618782997131348,-18.21956729888916,-13.929788494110108,-10.651851177215576,-7.559176349639892,-2.522247336804867,0.6781185269355774,0.9119295537471771,0.9934034943580627,0.9998515129089356,0.9999978244304657,2.084871397300958e-06,0.00022946345279706295,0.005709786040824838,0.07414456196129322,0.3596699982881546,1.436971024304512e-05,0.0019882004927239904,0.019544994232091994,0.1520608395141608,1.0626118005020544,2.2257288208038517e-06,0.00014920645298843738,0.007567464839667082,0.1694607438519597,2.121186107804533,2.060002771031577e-06,0.00023235278927131732,0.006489607838830125,0.13342458545230335,2.115233987569809,4.528109312057495,7.61719913482666,10.74337100982666,13.934365844726562,18.219572067260742,0.0,0.0,0.0,4.345318302512169e-05,0.0007686360622756183,0.3072527199983597,0.34612220525741577,0.38027289509773254,0.4203934967517853,0.5115093290805817,0.018705965485423803,0.02519381921738386,0.030040450394153595,0.03603092357516289,0.04443666897714138,0.0002852529287338257,0.0004770740866661072,0.0007116273045539856,0.0010415226221084596,0.0026673227548599243,0.0024010544875636697,0.0034079271368682384,0.0043361077550798655,0.0055388866923749445,0.008826953824609518,0.0019028676906600595,0.003963227174244821,0.005587347317487001,0.008016189769841732,0.014223156496882439,0.9725013971328735,1.3051962018013001,1.6143742799758911,1.9338078379631043,2.365173101425171
S0,22,23206,24310,1105,0.1,0.1,0.15,1.0,0.6986425339366515,0,0,8192.0,8192.0,0.18914027149321266,0.0,0.9977876543998718,0.9990056753158569,0.9995086193084717,0.9997612476348877,0.9999156594276428,0.9676556587219238,0.9890649080276489,0.9946568012237549,0.9974150896072388,0.9991507530212402,0.994594156742096,0.9977864623069763,0.9989225268363953,0.9994675755500794,0.9998745918273926,0.9992875456809998,0.9997367262840271,0.9998867511749268,0.9999545812606812,0.9999959468841553,0.0,0.0,0.0,0.0,7.62939453125e-06,0.9514007568359375,0.9885513305664062,0.9967422485351562,0.9991989135742188,0.9999237060546875,1.487984064851844e-07,8.59313036016829e-07,4.8625383897160646e-06,2.563597627158743e-05,0.00021564011694863439,7.429473043885082e-05,0.00023744405480101704,0.00048262946074828506,0.000974249083083123,0.0021647163666784763,7.554111957550049,8.67476806640625,9.664320945739746,10.872751998901368,13.413089752197266,0.013779005035758018,0.016890451312065125,0.020602989941835403,0.025651515275239945,0.037469103932380676,0.026859376579523087,0.03475713133811951,0.045689549297094345,0.0635717272758484,0.09072007238864899,0.01248151808977127,0.015218750387430192,0.018438514322042465,0.022771499305963516,0.03269195556640625,0.0947667583823204,0.11639590039849282,0.14217601716518402,0.17757438272237777,0.26045963168144226,0.04262369126081467,0.05235327929258347,0.06394731998443604,0.07983536571264267,0.11718978732824326,1.3434557914733887,1.7845839977264404,2.341946840286255,3.51788010597229,18.54918098449707,0.003964350558817387,0.24026569724082947,2.6347832679748535,15.616058731079104,46.65493392944336,2.652319759130478,8.53259835243225,11.845575332641602,14.711298179626464,18.566946029663086,-19.02929401397705,-14.500383567810058,-11.339751243591309,-7.853805541992187,-3.369937300682068,0.543691948056221,0.919790279865265,0.995347797870636,0.9998666822910309,0.9999991655349731,8.136918268064619e-07,0.00014072211270104164,0.004334514887887053,0.07393380354624242,0.3174140863120556,2.8907544674439123e-05,0.001367738024237042,0.015265276277204975,0.15577994976192716,1.096077425434487,8.390872636709901e-07,0.0001335703484073747,0.005041913842433132,0.15328238075599077,2.1899976283311844,7.798936678682367e-07,0.00014090049626247492,0.004883154411800206,0.13685345546109606,1.5158781970385462,3.8567224740982056,7.930482578277588,11.364633083343506,14.500446701049805,19.029295921325684,0.0,0.0,0.0,8.341567590832715e-05,0.0005735210725106299,0.2936909943819046,0.34003594517707825,0.37525640428066254,0.4135173946619034,0.49399207532405853,0.019805901683866978,0.025085814855992795,0.030384298413991928,0.035838519968092446,0.04605231434106827,0.0002974793314933777,0.0004864871501922607,0.0007508993148803711,0.0011674195528030395,0.00312080979347229,0.0025428059743717313,0.003387761861085892,0.004304879694245756,0.0055664604995399715,0.007977145491167903,0.0019985056715086102,0.003952212678268552,0.006133511429652572,0.009144867234863342,0.016446740366518497,0.9086459279060364,1.3285475969314575,1.6692330241203308,1.9829430818557738,2.4357876777648926
S0,23,24311,25415,1105,0.1,0.1,0.15,1.0,0.709502262443439,0,0,8192.0,8192.0,0.21990950226244343,0.0,0.9968047142028809,0.9990584850311279,0.999485969543457,0.9997270822525024,0.9999271631240845,0.9400236010551453,0.9894410967826843,0.994401752948761,0.9969862937927246,0.9990960359573364,0.9945095181465149,0.9978510141372681,0.9988707900047302,0.9994162321090698,0.999841570854187,0.9991927742958069,0.9997468590736389,0.9998804330825806,0.999946141242981,0.9999814033508301,0.0,0.0,0.0,0.0,0.0,0.934722900390625,0.9889419555664063,0.9964981079101562,0.998974609375,0.99993896484375,5.365075850249923e-08,9.83156019174203e-07,4.688866738433717e-06,2.2132920639705846e-05,0.0001801126345526427,7.280883437488228e-05,0.00026992567582055925,0.000507580116391182,0.0009166526957415045,0.002959735691547394,7.4586005210876465,8.698773956298828,9.522907257080078,10.658472061157227,12.594982147216797,0.012851592153310776,0.016775263473391533,0.020505212247371674,0.025679443776607514,0.03325789049267769,0.024129122495651245,0.0344137653708458,0.04482210427522659,0.06380797177553177,0.08248969167470932,0.011580361984670162,0.01511983536183834,0.018378574401140213,0.02276865467429161,0.029029499739408493,0.08853686600923538,0.11553306579589843,0.14159869402647018,0.17793485671281814,0.23116114735603333,0.0398295521736145,0.051962541043758394,0.06370134651660919,0.08004236221313477,0.10400652140378952,1.1908572912216187,1.7475355863571167,2.2295303344726562,3.158909130096436,6.430968761444092,0.006987312808632851,0.18440657556056977,2.5610640048980713,14.96902694702149,54.578426361083984,3.4875176548957825,8.993422508239746,12.323937892913818,15.35833215713501,19.117838859558105,-19.424586296081543,-14.816897201538087,-11.455405712127686,-8.209270524978637,-3.452184796333313,0.7206267714500427,0.9265291035175324,0.9958554208278656,0.999915599822998,0.9999987483024597,7.47109709209326e-07,0.00013918154436396438,0.0037316951202228665,0.07114480794407428,0.4080788493156433,3.283825452626843e-05,0.0010878336117457366,0.014169294474640992,0.14218668425855874,1.6703141671766133,1.2963820950062654e-06,8.452003239654005e-05,0.004849000426474959,0.12495068679018013,3.3405643850564957,7.168452214045828e-07,0.00013936346585978755,0.003964349729358219,0.12614482082426548,1.524729460477829,4.266051292419434,8.270706272125244,11.46095323562622,14.821296405792236,19.424598693847656,0.0,0.0,0.0,8.927357848733663e-05,0.0007621406693942845,0.2866367846727371,0.3320880472660065,0.3693230301141739,0.4071510016918182,0.4813838303089142,0.019288398325443268,0.025370809994637967,0.03009492065757513,0.035608115047216414,0.04562823846936226,0.000280037522315979,0.0004945516586303711,0.000753648579120636,0.0011216208338737487,0.003525063395500183,0.002454256173223257,0.0033379192929714916,0.004200393566861749,0.00541642103344202,0.007424904266372323,0.0018600731855258346,0.003925458970479667,0.006064019515179098,0.009216221515089273,0.01435247715562582,0.915296733379364,1.3548928856849671,1.6735353469848633,2.0201549768447875,2.496998429298401
S0,24,25416,26520,1105,0.1,0.1,0.15,1.0,0.6669683257918552,1,1,16384.0,8192.0,0.1583710407239819,0.0,0.9975037574768066,0.9992455959320068,0.9995988607406616,0.9997937440872192,0.9999260902404785,0.9718325734138489,0.9914224743843079,0.9956005811691284,0.9977081298828125,0.9991507530212402,0.9947186708450317,0.9983983874320984,0.999160647392273,0.9995787501335144,0.9998534917831421,0.9990527033805847,0.9997965693473816,0.9999053478240967,0.9999563694000244,0.9999878406524658,0.0,0.0,0.0,0.0,3.0517578125e-05,0.9592819213867188,0.9920806884765625,0.9973831176757812,0.9992218017578125,0.9999465942382812,1.1447821890442356e-07,7.689561243751087e-07,3.320484665891854e-06,1.6894712462089956e-05,0.00025817780988290906,7.352186366915703e-05,0.00020535321673378348,0.0003946518700104207,0.000740189792122692,0.0024209001567214727,7.25614070892334,8.855644607543946,9.70058822631836,10.803680992126464,13.255987167358398,0.012967951595783234,0.016853341460227968,0.02024979516863823,0.025383037701249122,0.03966095671057701,0.02528334967792034,0.03484581559896469,0.04442624747753143,0.06187855452299118,0.09093178063631058,0.011739158071577549,0.015207775868475437,0.01824333891272545,0.022509677708148955,0.03473833575844765,0.08921177685260773,0.11603372320532798,0.13974995911121368,0.17539827823638918,0.2753930389881134,0.04013560339808464,0.05219567194581032,0.0628499761223793,0.07891770899295808,0.12391044199466705,1.3025753498077393,1.680413293838501,2.2154955863952637,3.2438730239868168,7.495824337005615,0.0015855971723794937,0.14494185149669647,2.3640315532684326,14.95442695617676,51.11305618286133,4.398848831653595,9.464328193664551,12.7899808883667,15.865839862823487,20.77829360961914,-20.424870491027832,-15.444606113433839,-11.998918533325195,-8.532232761383057,-3.727849066257477,0.6743608117103577,0.9372053921222687,0.9967097342014313,0.9999176979064941,0.9999995827674866,3.2434417107651825e-07,7.103717071004212e-05,0.0029975614161230624,0.06387815438210966,0.27973268926143646,8.199230066452401e-06,0.0007716314895276356,0.012063434619904001,0.1231601240735472,1.2676838348311321,4.4111990860074e-07,8.283566917270946e-05,0.003710120181494858,0.1123858863880743,2.5353337675333023,3.0106969717280663e-07,7.106827615643851e-05,0.0032075948547571898,0.11590820696437734,1.2488942212949041,4.723839282989502,8.669906616210938,12.03999137878418,15.444907093048096,20.428512573242188,0.0,0.0,0.0,5.609621293842793e-05,0.000504300172906369,0.2900529205799103,0.32767210304737093,0.3601435124874115,0.3997003823518753,0.4753344655036926,0.01898216735571623,0.02520108725875616,0.030152087099850178,0.03587581552565098,0.04715808667242527,0.0002874433994293213,0.0004902362823486328,0.0007483586668968201,0.0011445984244346618,0.002837918698787689,0.0024978563499947386,0.00329378223977983,0.004215571330860257,0.005402363603934646,0.007924236357212067,0.0019184639095328748,0.0037878069328144194,0.005903078592382371,0.008758831676095724,0.015452401712536812,0.9484957456588745,1.3851481437683106,1.7173824310302734,2.0673733830451964,2.5806772708892822
S0,25,26521,27625,1105,0.1,0.1,0.15,1.0,0.6027149321266968,0,0,16384.0,8192.0,0.15475113122171946,0.0,0.9987388849258423,0.9993843793869018,0.9996650218963623,0.9998208284378052,0.9999436736106873,0.9791954755783081,0.9925509095191956,0.9961004257202148,0.9979151129722595,0.999373733997345,0.9969956874847412,0.9987619400024415,0.9993333220481873,0.9996641397476196,0.9998766183853149,0.9997325539588928,0.9998666048049927,0.9999344348907471,0.9999680519104004,0.9999935626983643,0.0,0.0,0.0,0.0,7.62939453125e-06,0.97979736328125,0.9936233520507812,0.997772216796875,0.99927978515625,1.0,1.8868949069883456e-08,7.240724698931444e-07,3.1770855457580183e-06,1.8614811051520525e-05,0.00011189084762008861,5.629842053167522e-05,0.00017602459993213416,0.0003286371938884258,0.0006005468079820275,0.0012360081309452653,8.422771453857422,9.20746078491211,10.004791259765625,11.045536613464355,13.974719047546387,0.012565369717776775,0.01700863689184189,0.02046077698469162,0.02542754039168358,0.03811052069067955,0.02588079310953617,0.035050068795681,0.044798512011766434,0.061425961554050446,0.08814871311187744,0.01135698426514864,0.01536826640367508,0.01845783367753029,0.022649222612380983,0.0332399383187294,0.08650396391749382,0.11718601509928703,0.14107659086585045,0.1758064478635788,0.2649330869317055,0.03890962898731232,0.05271248146891594,0.06345771998167038,0.07908784449100495,0.11920599639415741,1.2593458890914917,1.7049033403396607,2.2185468673706055,3.2454957485198976,8.278118133544922,0.001562856137752533,0.11821274161338807,1.758434772491455,14.203639602661141,41.28255844116211,4.425900816917419,9.659096956253052,13.1563401222229,16.3328049659729,20.58977508544922,-23.50439453125,-15.897012901306152,-12.389416217803955,-9.056940364837647,-4.54067850112915,0.7616518139839172,0.9426485657691955,0.997557520866394,0.9999498665332794,0.9999994436899821,6.288749005989303e-07,7.639444875167101e-05,0.0023790874001861084,0.04506436354131438,0.22842984646558762,1.0226515598787955e-05,0.0006373433518092498,0.008460454555461183,0.11067582929631503,1.2244999439790263,5.853860424546534e-07,5.02131895018465e-05,0.00261332985246554,0.10162558029405776,2.447778278030455,5.972385608288278e-07,7.656634202248825e-05,0.0025885093928081915,0.07592517999873963,1.3426847532391548,5.276704788208008,9.161652088165283,12.428353786468506,15.897756862640382,23.504398345947266,0.0,0.0,0.0,4.202674608677626e-05,0.0006454227259382606,0.2611607536673546,0.31960253417491913,0.35164883732795715,0.39041282534599303,0.49826544523239136,0.018302840180695057,0.02534734643995762,0.03014243207871914,0.03568661846220493,0.043370068073272705,0.00026791542768478394,0.0004915833473205566,0.0007456764578819275,0.0011270910501480103,0.0020664408802986145,0.002457100199535489,0.003385443426668644,0.004219660069793463,0.0053505202755332,0.007475159363821149,0.0021790452883578837,0.00383973210118711,0.005884200683794916,0.00873722117394209,0.01359833450987935,1.0402138233184814,1.423468577861786,1.7571093440055847,2.0973612308502196,2.8936465978622437
S1,16,16576,17680,1105,0.05,0.1,0.15,0.9963800904977376,0.8959276018099548,1,1,32768.0,16384.0,0.27963800904977376,0.0,0.9975488185882568,0.999199914932251,0.999731719493866,0.9999130845069886,0.999971330165863,0.9674102663993835,0.9915636897087097,0.9973269701004028,0.999114191532135,0.9996898174285889,0.9934101700782776,0.9981454849243164,0.9994000196456909,0.9998074173927307,0.9999394416809082,0.9988027811050415,0.9998162388801575,0.999935507774353,0.9999781847000122,0.9999959468841553,0.0,0.0,0.0,0.0,0.0,0.951751708984375,0.9926345825195313,0.99896240234375,0.9999465942382812,1.0,9.673540191101893e-09,7.675350701674689e-08,8.466762437819852e-07,1.1721282135113142e-05,0.00018692923185881227,2.8654267225647345e-05,8.671150717418641e-05,0.0002649707312230021,0.0007874184753745796,0.0024010410998016596,7.342036724090576,9.015379333496094,10.103618621826172,11.275238227844238,13.449448585510254,0.01177237555384636,0.015656837821006776,0.018615012988448143,0.022557434067130087,0.034126557409763336,0.0211736261844635,0.030444178730249405,0.03828893229365349,0.05132122337818146,0.0855095162987709,0.010615915060043335,0.01409914791584015,0.016705222427845,0.020200442522764206,0.03077353537082672,0.08109212294220924,0.1078296534717083,0.1284051425755024,0.15579426884651185,0.23673584312200546,0.03647787868976593,0.048509418964385986,0.05773459002375603,0.07009247243404389,0.10652416944503784,0.9402227997779846,1.2696340322494506,1.739755392074585,2.688290596008301,17.50324821472168,0.02081371285021305,0.9656864881515503,5.682458877563477,17.742644119262696,52.57950973510742,0.9105022549629211,6.005198526382446,8.797228336334229,11.49785852432251,14.969322204589844,-15.6154146194458,-11.175904750823975,-8.323214292526245,-5.39404788017273,-2.084971696138382,0.596725583076477,0.8707085192203522,0.9796177446842194,0.9991442799568176,0.9999892115592957,1.304838133364683e-05,0.0009401437047927175,0.018643206043634564,0.12040353044867516,0.37493813037872314,0.0002760658426268492,0.007543038141739089,0.05180953140370548,0.23327230696122572,0.8464483596617356,1.0812853815878043e-05,0.0008670731156598777,0.02445981465280056,0.29667064100503937,1.3669551741331816,1.3027125703501952e-05,0.0009739454835653305,0.022435979975853115,0.2588836297392845,1.6497289028484374,2.8563821017742157,5.6280652523040775,8.364784955978394,11.19298849105835,15.61542797088623,0.0,0.0,0.0,0.000133486557751894,0.000533263897523284,0.3139285445213318,0.36232725977897645,0.3975736200809479,0.4385217219591141,0.5018036961555481,0.019802287220954895,0.02528361069659392,0.029996095225214958,0.03552881255745888,0.04730980657041073,0.00022761523723602295,0.0004151076078414917,0.0006545409560203552,0.001059892773628235,0.011869572103023529,0.0019313149387016892,0.0031486365711316465,0.004041903419420123,0.005323719885200262,0.008550371741876006,0.001909157494083047,0.003686515847221017,0.005305699305608869,0.007484970008954406,0.012224463745951653,0.6701313853263855,0.9312894940376282,1.1648272275924683,1.4678115248680115,2.0170196294784546
S1,17,17681,18785,1105,0.1,0.1,0.15,1.0,0.8570135746606334,0,0,65536.0,16384.0,0.2660633484162896,0.0,0.9941012263298035,0.9989131450653076,0.9996075630187988,0.9998496174812317,0.9999517202377319,0.9295312762260437,0.9880111217498779,0.9957684278488159,0.9983591914176941,0.9994966983795166,0.9862577319145203,0.9973269701004028,0.9990673661231995,0.9996574640274047,0.99988853931427,0.9987056255340576,0.9997924208641052,0.9999302625656128,0.999972128868103,0.9999905824661255,0.0,0.0,0.0,0.0,0.00058746337890625,0.860504150390625,0.986065673828125,0.9977645874023438,0.99969482421875,0.9999923706054688,2.2710270997094995e-08,2.7213392286284946e-07,1.882252377072291e-06,1.348224614048377e-05,0.0008068862371146679,4.8221223551081493e-05,0.00014996029785834252,0.00038976233918219805,0.001057300576940179,0.005535454954952002,7.045502662658691,8.8868803024292,10.042743682861328,11.141075325012206,13.01242446899414,0.012720411643385887,0.015987426787614823,0.0193922221660614,0.024180733412504197,0.03270254284143448,0.023041756823658943,0.030709287151694298,0.03966279700398445,0.05658556073904038,0.08050908148288727,0.011461550369858742,0.014342130348086356,0.0173330157995224,0.021433230489492416,0.02887488529086113,0.08769852295517921,0.11009291931986809,0.1339048258960247,0.1672041043639183,0.22661512345075607,0.039430171251297,0.04952426925301552,0.06024717539548874,0.07522567212581635,0.10194452106952667,1.2107359170913696,1.8567610025405883,2.460594415664673,3.6681680202484133,8.99482250213623,0.047089435160160065,0.7234871029853821,5.483785152435303,17.341044235229493,43.86509704589844,1.7853368669748306,6.387180376052856,9.264046669006348,12.008934211730956,16.379023551940918,-16.053732872009277,-11.595503044128417,-8.69313907623291,-5.757814359664917,-0.9613314270973206,0.5643256902694702,0.8796072900295258,0.9834108054637909,0.9994378387928009,0.9999924004077911,4.173461093159858e-06,0.0006498378235846758,0.013045720406807959,0.11394308034796269,0.36554837226867676,0.00046091538570181,0.005409747546218569,0.04306974387145601,0.23236931471437863,1.0174118663348963,7.603610583828413e-06,0.0005648123449645936,0.019492408260703087,0.2662846755614737,1.6461324584670365,4.1317941850138595e-06,0.0006765248443116435,0.014918039552867413,0.22974345707334579,2.0344525205728132,1.8096528053283691,5.962198686599732,8.742799282073975,11.6089599609375,16.0537371635437,0.0,0.0,0.0,0.00011860334780067207,0.0008554697269573808,0.31808534264564514,0.36775646209716795,0.4040187746286392,0.4454192489385605,0.5421705543994904,0.020320579409599304,0.025415914319455623,0.03008501511067152,0.03549330290406942,0.048383841291069984,0.00021557509899139404,0.0004273355007171631,0.0006931871175765991,0.0011303916573524476,0.003975778818130493,0.0022501114872284234,0.0031579735688865183,0.004053854965604842,0.005237485934048891,0.008421469945460558,0.0021237251930870116,0.0037218460347503424,0.0056634487118572,0.008558099158108234,0.01299483235925436,0.7482260167598724,1.1530652046203613,1.4416497349739075,1.7297667980194091,2.14727246761322
S1,18,18786,19890,1105,0.1,0.1,0.15,1.0,0.8371040723981901,3,3,16384.0,16384.0,0.18733031674208145,0.0,0.9957206845283508,0.99872887134552,0.9994992613792419,0.9998272061347961,0.9999759197235107,0.9312127232551575,0.9837723851203919,0.9933589100837708,0.9978274703025818,0.9997346997261047,0.9897116422653198,0.9967192888259888,0.9988027811050415,0.999627685546875,0.9999493360519409,0.9991030693054199,0.9998638153076171,0.9999583959579468,0.9999845743179321,0.9999979734420776,0.0,0.0,0.0,0.0,1.52587890625e-05,0.8972244262695312,0.9777801513671875,0.995361328125,0.9994857788085938,1.0,1.1281784395578143e-08,4.1160706132359337e-07,3.065500322918524e-06,2.029069219133817e-05,0.0004156960640102625,2.40216359088663e-05,0.00017214625841006638,0.0004949740832671523,0.0012465572915971279,0.004009333439171314,7.755707263946533,9.187466049194336,10.33270263671875,11.41346778869629,13.409940719604492,0.01190229132771492,0.01574135199189186,0.019436486065387726,0.02499014139175415,0.03410729765892029,0.02263409085571766,0.03053249679505825,0.0406208261847496,0.06077272444963455,0.08717578649520874,0.010675656609237194,0.014228301867842675,0.017349064350128174,0.02216882221400738,0.03004477545619011,0.08219786360859871,0.1084910824894905,0.13415402546525002,0.17298875749111176,0.2371307536959648,0.036946095526218414,0.04879074990749359,0.06033002957701683,0.07780629694461823,0.10657709836959839,1.2957711219787598,1.7490745306015014,2.422501564025879,3.7279036521911624,18.761552810668945,0.03995097056031227,0.5821192622184754,4.831511974334717,16.862621688842772,48.02375030517578,0.9353113770484924,6.643500804901123,9.850475549697876,12.497721767425537,16.376107215881348,-16.726770401000977,-12.43003339767456,-9.2979154586792,-6.1917681217193605,-1.876564845442772,0.5770385265350342,0.8873154580593109,0.9880554974079132,0.9995431423187255,0.9999972581863403,6.085310673142885e-06,0.0005161240620964236,0.011452211067080498,0.11512755933217705,0.37248624861240387,0.00041465564754616935,0.003918866431195056,0.036095907737035304,0.21205284762982046,0.884151850696071,2.8194766912292835e-06,0.000462912765215151,0.013712598010897636,0.24250328391790393,1.4067608308978379,6.047951089271919e-06,0.0005208118734572054,0.013450109516270459,0.22242008028551952,1.7668734975159168,2.6002252101898193,6.34321699142456,9.338780403137207,12.4402286529541,16.72677516937256,0.0,0.0,0.0,6.329361349344255e-05,0.0007041979697532952,0.32440268993377686,0.36711865961551665,0.4017873853445053,0.4438815414905548,0.5452356934547424,0.01877528429031372,0.025203730165958404,0.030011508613824844,0.03561443388462067,0.04598485864698887,0.00023109465837478638,0.0004131987690925598,0.0006659552454948425,0.0011856213212013246,0.002665586769580841,0.002047522400971502,0.003130200342275202,0.004030634416267276,0.005143291363492608,0.008299052948132157,0.0023061431711539626,0.003688322636298835,0.005748532712459564,0.009130359999835492,0.015262770466506481,0.7848343849182129,1.1920048475265503,1.4958890676498413,1.802174484729767,2.214447855949402
S1,19,19891,20995,1105,0.1,0.1,0.15,1.0,0.8171945701357466,0,0,16384.0,16384.0,0.1520361990950226,0.0,0.9966913461685181,0.9990014672279358,0.9995728731155396,0.9998467087745666,0.9999756813049316,0.9558166265487671,0.987539529800415,0.9947535991668701,0.9981954336166382,0.9997153878211975,0.9908744096755981,0.9976403713226318,0.9989995360374451,0.9996662378311157,0.9999456405639648,0.9993487000465393,0.9998568296432495,0.9999456405639648,0.99997878074646,0.9999947547912598,0.0,0.0,0.0,0.0,0.0,0.9105377197265625,0.985308837890625,0.9967803955078125,0.9995574951171875,1.0,6.392734341886808e-09,3.754316821868997e-07,2.6270613489032257e-06,1.7894190750666895e-05,0.0001876267633633688,2.4251517970697023e-05,0.00015239367494359612,0.00042483286233618855,0.0009866111911833286,0.003223795909434557,7.714718818664551,9.174519348144532,10.190969467163086,11.274515914916993,13.107878684997559,0.013536251150071621,0.01624980680644512,0.019567206501960754,0.02550118528306484,0.03622153028845787,0.024818744510412216,0.032012348622083665,0.04093357175588608,0.061468370258808136,0.09023860096931458,0.012217753566801548,0.014663784578442574,0.017545972019433975,0.022633830457925795,0.03174171596765518,0.09321945905685425,0.11202789172530174,0.13494646176695824,0.17653979659080507,0.2516234740614891,0.04193153977394104,0.050367073714733125,0.06071339175105095,0.07940178364515305,0.113162562251091,1.3304840326309204,1.7511690616607667,2.3191380500793457,3.6348708152771,28.0341796875,0.021024461835622787,0.56142817735672,4.391768932342529,16.24223518371582,47.444698333740234,1.4522704482078552,7.2465245723724365,10.315958499908447,13.10219202041626,16.34683132171631,-17.17026710510254,-12.91084794998169,-9.798418521881104,-6.834782457351684,-1.1720666289329529,0.5752895176410675,0.8919543921947479,0.9889765977859497,0.9996692061424255,0.9999948143959045,4.5774951331623015e-06,0.0004729014734039083,0.009979866212233901,0.09752789810299874,0.3685285672545433,0.00019454759512882447,0.003953879254913773,0.030519547639414668,0.1944577169051627,0.8749219583878585,5.201858357395395e-06,0.0003318307481094962,0.012838173657655716,0.2215096578001977,1.5369989275932312,4.5441920519806445e-06,0.0004750152205815539,0.011141606431920081,0.19495371999219063,1.749734789133072,2.139275372028351,6.967529821395874,9.821399211883545,12.925746536254882,17.170305252075195,0.0,0.0,0.0,3.8823485374450685e-05,0.0007303622551262379,0.3045761436223984,0.36091254353523256,0.3972136378288269,0.4361859291791916,0.4966750741004944,0.018864894285798073,0.02553139105439186,0.030081484466791153,0.035356480255723,0.04417043179273605,0.0002633035182952881,0.00043493062257766725,0.0006941109895706177,0.0011574760079383851,0.0028221309185028076,0.0022780263097956777,0.003224474098533392,0.004128057975322008,0.005303016817197204,0.007826975313946605,0.002194233878981322,0.003788289916701615,0.005711403442546725,0.008984518144279719,0.015963101759552956,0.7478045523166656,1.2521151661872865,1.537947416305542,1.8534575700759888,2.3159486055374146
S1,20,20996,22100,1105,0.1,0.1,0.15,1.0,0.7800904977375566,2,4,2048.0,8192.0,0.17918552036199095,0.0,0.9972150325775146,0.9991292953491211,0.9996341466903687,0.9998566508293152,0.9999785423278809,0.963230550289154,0.988741660118103,0.9956636428833008,0.9983359813690186,0.9997603297233582,0.9933589100837708,0.997944438457489,0.9991768002510071,0.999721086025238,0.9999595880508423,0.9995744824409485,0.9998745918273926,0.9999527931213379,0.9999820709228515,0.9999974966049194,0.0,0.0,0.0,0.0,0.0,0.9381179809570312,0.987725830078125,0.9977951049804688,0.999603271484375,1.0,1.014246286956677e-08,3.626241891652171e-07,2.6351135602453724e-06,1.6969524585874753e-05,0.00019200808310415596,2.1416581148514524e-05,0.00014199733850546182,0.00036302837543189526,0.0008521048119291665,0.0026855755131691694,7.891829013824463,9.34066162109375,10.449125289916992,11.779252243041991,14.022544860839844,0.012781856581568718,0.01643488258123398,0.020009547472000122,0.026901399344205858,0.04168237745761871,0.02476741373538971,0.03286794200539589,0.04284883290529251,0.06778966933488846,0.09411893784999847,0.011598203331232071,0.01482437327504158,0.017957355827093124,0.023797757923603058,0.036440424621105194,0.08788136765360832,0.11324170827865601,0.13803024217486382,0.18649489432573318,0.28956490755081177,0.03953331336379051,0.0509283646941185,0.062064483761787415,0.08388064354658127,0.13029256463050842,1.2214449644088745,1.7851448059082031,2.4695053100585938,4.064412212371826,84.03913116455078,0.004143227357417345,0.3665234863758087,3.793529987335205,16.23114051818848,78.40892791748047,2.6363673713058233,7.98146800994873,10.79110336303711,13.55180025100708,17.811634063720703,-18.695842742919922,-13.662475967407227,-10.316589832305908,-7.133569574356079,-0.277528315782547,0.5240711718797684,0.9121321737766266,0.9920039176940918,0.9996947467327117,0.9999981224536896,1.4830229133622197e-06,0.00019666888374558766,0.006682362873107195,0.0901500141248107,0.46544474363327026,2.538332399559806e-05,0.002487184431356582,0.024852041020494653,0.1605576483067125,1.2806982639231137,1.9553106263003883e-06,0.000306407555763144,0.009232301838892454,0.17963435519486667,2.027857158333063,1.454750787388548e-06,0.00019733131402972505,0.007475597900338471,0.176066572079435,2.5612915245001204,2.7277838587760925,7.28102707862854,10.342002391815186,13.662535095214844,18.695849418640137,0.0,0.0,0.0,6.559563335031275e-05,0.0004563002730719745,0.3129388242959976,0.35349981784820556,0.3904504179954529,0.431485915184021,0.544596940279007,0.019516133703291416,0.025432899221777917,0.030206351540982723,0.035738059878349306,0.04536313749849796,0.00017157196998596191,0.0004543408751487732,0.000737115740776062,0.0012897089123725892,0.0029324740171432495,0.0023709717206656933,0.003329401183873415,0.0042405008571222425,0.005420016357675195,0.008008973440155387,0.002112936112098396,0.0038367967354133725,0.005920134484767914,0.009567886497825384,0.015999623108655214,0.8666093945503235,1.2756168484687804,1.5894306898117065,1.9154392123222352,2.425770878791809
S1,21,22101,23205,1105,0.1,0.1,0.15,1.0,0.7447963800904978,0,0,2048.0,8192.0,0.10226244343891402,0.0,0.9983766078948975,0.9994467735290528,0.999739408493042,0.9998820781707763,0.9999739527702332,0.9757624268531799,0.9929795622825622,0.9968149065971375,0.9986268401145935,0.9997468590736389,0.9968396425247192,0.9988637924194336,0.9994887113571167,0.999774158000946,0.9999593496322632,0.9997487664222717,0.9999039173126221,0.9999603033065796,0.9999823093414306,0.9999972581863403,0.0,0.0,0.0,0.0,0.0,0.9714736938476562,0.9940597534179687,0.9983291625976562,0.9996109008789062,1.0,2.0513924781084825e-08,3.063199869757227e-07,1.9758854250540026e-06,1.3176922220736743e-05,9.132589912042022e-05,2.42547375819413e-05,0.00011705065408023075,0.00025600235676392913,0.0005426457035355271,0.0015423856675624847,8.649251937866211,9.585857772827149,10.53792953491211,11.461882972717286,13.594165802001953,0.013580484315752983,0.016712290793657304,0.019809043034911156,0.02451036497950554,0.034327179193496704,0.02617104910314083,0.03375927731394768,0.04216417670249939,0.05606350749731064,0.08195758610963821,0.012214640155434608,0.01508410181850195,0.01783476397395134,0.021815618500113487,0.030011575669050217,0.09363386034965515,0.11501240730285645,0.1365394927561283,0.16958827301859855,0.23848625272512436,0.04211398959159851,0.051747892051935196,0.06142864748835564,0.0763037383556366,0.10730214416980743,1.1932611465454102,1.719378161430359,2.255626678466797,3.359917402267456,7.799587249755859,0.005024464335292578,0.30515448451042176,3.1682076454162598,16.15229301452637,46.170223236083984,1.4261131696403027,8.136467790603637,11.339231014251709,14.543116569519043,17.070405960083008,-19.456713676452637,-13.95499792098999,-10.755396366119385,-7.626085329055786,-3.1524598598480225,0.6530952155590057,0.9118106663227081,0.9933935701847076,0.9998557031154632,0.9999974370002747,1.1461207236607152e-06,0.0001714172187348595,0.006310220480372664,0.07657630884632455,0.3700544685125351,3.009156739608443e-05,0.0017548981003074006,0.019393754831980914,0.15482765666229173,1.0180233906285139,2.5748083203325223e-06,0.0001445658988814103,0.007584617240354419,0.16752973049879075,2.0351426787674427,1.1070569598814473e-06,0.00017213496885233327,0.007092438900144771,0.14903412258718163,1.4894024669192731,3.9512137174606323,7.7779923439025875,10.815754413604736,13.960269737243653,19.45671844482422,0.0,0.0,0.0,8.300878107547943e-07,0.0006092918338254094,0.2975310683250427,0.34611912071704865,0.38300201296806335,0.4216326534748077,0.5165662169456482,0.01874712761491537,0.025235510244965554,0.030061381869018078,0.03605794683098793,0.04438027925789356,0.00028067827224731445,0.0004784286022186279,0.000698380172252655,0.0010941490530967713,0.0030101612210273743,0.0024442245485261083,0.0033042588736861946,0.004323768895119429,0.005523993587121368,0.008319296408444643,0.0018641423666849732,0.0037728203926235436,0.005363143282011151,0.007824808359146118,0.01368402922526002,0.9489408433437347,1.3096457719802856,1.6141708493232727,1.9472582936286926,2.45982563495636
S1,22,23206,24310,1105,0.1,0.1,0.15,1.0,0.7158371040723982,0,0,2048.0,8192.0,0.12217194570135746,0.0,0.9976447820663452,0.9995225667953491,0.9997752904891968,0.9999079585075379,0.9999679327011108,0.9687380790710449,0.9940890073776245,0.9974191188812256,0.9989392161369324,0.9996095299720764,0.9958174824714661,0.9989868760108948,0.9995711445808411,0.999841570854187,0.9999397993087769,0.9996594190597534,0.9998859167098999,0.9999576807022095,0.9999877214431763,0.9999970197677612,0.0,0.0,0.0,0.0,0.0,0.9627227783203125,0.9952606201171875,0.9986801147460938,0.9997177124023438,1.0,2.553235134428178e-08,2.5586805350030775e-07,1.5481045920751058e-06,1.1088235987699591e-05,0.00018586197984404862,3.1977848266251385e-05,9.016921394504607e-05,0.0002213017432950437,0.0004701643600128591,0.0021535526029765606,8.285006523132324,9.459506797790528,10.682107925415039,12.153147506713868,14.060506820678711,0.013276240788400173,0.01656893827021122,0.020642993971705437,0.026587823033332826,0.038388922810554504,0.02636761963367462,0.033684948831796645,0.045375123620033264,0.06565114110708237,0.09036203473806381,0.012041779235005379,0.014963487163186073,0.018510542809963226,0.023428726941347122,0.03315884619951248,0.09127810597419739,0.1141902394592762,0.14252277463674545,0.18424873054027557,0.26757726073265076,0.04106598719954491,0.0513776607811451,0.06412586569786072,0.08289776742458344,0.12040015310049057,1.2954764366149902,1.8238579750061035,2.4044883251190186,3.7271926879882815,9.70741081237793,0.006580695975571871,0.2539122998714447,2.840717315673828,15.596107864379883,53.704402923583984,3.5211095809936523,8.530643081665039,11.755971431732178,14.915900993347169,19.000365257263184,-21.95591163635254,-14.775244522094725,-11.422212600708008,-7.992074775695801,-3.9618736505508423,0.7116037011146545,0.9219062864780426,0.9950480461120605,0.9998810350894928,0.9999990463256836,1.6486221454670158e-07,0.00012566828054332292,0.0043155335006304085,0.07850972158412334,0.2926960662007332,5.476086244016187e-05,0.0013345458784897346,0.0163788101344835,0.13325352372339697,0.8893064133444568,1.0116046951225144e-06,0.00011924794966944319,0.0054538113763555884,0.1499455809593201,1.7777625620365143,1.3947487076393372e-07,0.00012604142052623503,0.004791864012076985,0.14308006220962852,1.6406770944595337,4.224064588546753,8.084961175918579,11.445769786834717,14.77543411254883,21.95591163635254,0.0,0.0,0.0,3.0459533445537144e-05,0.00043710670433938503,0.2885604649782181,0.34184572100639343,0.3765716105699539,0.41495696604251864,0.5220804512500763,0.019850472919642925,0.025098668597638606,0.03032707702368498,0.03572248890995979,0.04608738794922829,0.00028439611196517944,0.0004794031381607056,0.0007873401045799255,0.0013417720794677735,0.0029158443212509155,0.0023942766711115837,0.0033373496728017924,0.004284038906916976,0.005620810389518738,0.008837796980515122,0.0019708896288648248,0.003848943533375859,0.005869526648893952,0.008983250334858894,0.015536016784608364,0.9022199809551239,1.346215260028839,1.674646019935608,2.018817055225372,2.75909960269928
S1,23,24311,25415,1105,0.1,0.1,0.15,1.0,0.6904977375565611,2,2,4096.0,8192.0,0.1520361990950226,0.0,0.9985404014587402,0.9993353486061096,0.999656617641449,0.9998300671577454,0.9999334216117859,0.9753900170326233,0.9915544390678406,0.9959725141525269,0.9980852007865906,0.9992620348930359,0.9971771240234375,0.9987056255340576,0.9993281364440918,0.9996646642684937,0.9998488426208496,0.9996540546417236,0.9998644590377808,0.999930739402771,0.9999681949615479,0.9999892711639404,0.0,0.0,0.0,0.0,0.0,0.9777450561523438,0.9921630859375,0.997528076171875,0.9993896484375,0.9999923706054688,4.992671875925225e-08,5.085313205199782e-07,2.7080084237240953e-06,1.798910016077571e-05,0.00018685817485675216,6.653948366874829e-05,0.00016862332995515317,0.00033701627398841083,0.0006364179658703506,0.0012753094779327512,8.339845657348633,9.319979858398437,10.151232719421387,11.247352981567383,13.19660758972168,0.013419076800346375,0.016885248944163322,0.02065427601337433,0.025891398638486864,0.03474969416856766,0.026250172406435013,0.03428977206349373,0.0450068823993206,0.06201590225100517,0.08469679206609726,0.012119869701564312,0.015229970589280129,0.01852431148290634,0.022987208142876626,0.030578594654798508,0.0923917107284069,0.11613645851612091,0.14243785291910172,0.17932239174842834,0.24095771461725235,0.04156104847788811,0.05223407745361328,0.06408034265041351,0.08068153411149978,0.10842275619506836,1.3852972984313965,1.7893315315246583,2.352273464202881,3.3576816082000733,25.029163360595703,0.0031447710935026407,0.16599282324314119,2.4544830322265625,15.189838790893559,56.9132080078125,4.514081835746765,8.867738151550293,12.369268894195557,15.334817218780518,19.546998023986816,-18.93827247619629,-14.811128330230712,-11.567643165588379,-8.227762222290039,-1.712675392627716,0.7228497564792633,0.9284204721450806,0.995762288570404,0.9999270379543305,0.999999463558197,3.4988087236342835e-06,0.000139834080619039,0.003757316415430978,0.07148352535296,0.4675373136997223,2.9853490104869707e-05,0.0009360358457342955,0.013949637723271735,0.12914202644515171,1.0580148589242526,5.812344454625418e-07,7.310113651328721e-05,0.0045610369415953755,0.13091112750116743,2.1110086138360202,3.4574005667309393e-06,0.00014009469887241722,0.004123857572267298,0.13449467457830916,2.0109015107154846,3.720326066017151,8.373578357696534,11.587307453155518,14.811293888092042,18.938276290893555,0.0,0.0,0.0,3.524217754602432e-05,0.0008828616701066494,0.2881951183080673,0.3326794296503067,0.3687192499637604,0.40669567584991456,0.49037691950798035,0.01925692893564701,0.02542001400142908,0.03011018317192793,0.03562406860291958,0.04562128335237503,0.00028870999813079834,0.0005023866891860962,0.0007897168397903442,0.0012311220169067382,0.0026010125875473022,0.002393544651567936,0.0033458101795986296,0.004271687823347747,0.005583719024434686,0.008230180479586124,0.0020533634233288467,0.003837735508568585,0.005895906826481223,0.008805036963894964,0.013879428617656231,0.8464427590370178,1.3627272844314575,1.6849206686019897,2.016435992717743,2.424440026283264
S1,24,25416,26520,1105,0.1,0.1,0.15,1.0,0.669683257918552,0,0,8192.0,8192.0,0.1257918552036199,0.0,0.9982780814170837,0.9994853138923645,0.9997427463531494,0.9998693227767944,0.9999514818191528,0.9639838933944702,0.9933846592903137,0.9969956874847412,0.9984668135643006,0.999464213848114,0.9975656270980835,0.9991265892982483,0.9995660185813904,0.9997765421867371,0.9999053478240967,0.9996947050094604,0.9999138116836548,0.9999580383300781,0.999980115890503,0.9999949932098389,0.0,0.0,0.0,0.0,0.0,0.9738540649414062,0.9940170288085938,0.9979400634765625,0.9994430541992188,0.999969482421875,5.0560636566387984e-08,4.535207949629694e-07,3.2635305160511052e-06,2.1507027122424914e-05,0.0002874260244425386,4.8444195272168145e-05,0.00012998269812669605,0.0002507555764168501,0.0004953767987899483,0.0015965043567121029,8.295158386230469,9.740380096435548,10.58060073852539,11.657807159423829,14.312337875366211,0.013384997844696045,0.017085100710391998,0.021143972873687744,0.026618629321455957,0.039581120014190674,0.025332320481538773,0.03510583490133286,0.047211140394210815,0.06479719579219818,0.09239169210195541,0.012126095592975616,0.015428170375525952,0.018980693072080612,0.023604749888181686,0.034533943980932236,0.09204034507274628,0.11762071624398232,0.14612026140093803,0.18388540148735047,0.2751172184944153,0.04141487926244736,0.052921940386295316,0.06573943793773651,0.08271041810512543,0.12379342317581177,1.2798207998275757,1.8553323984146117,2.4708147048950195,3.746600246429444,9.981606483459473,0.0018930836813524365,0.15233503878116608,2.266493558883667,15.243387985229493,47.40011978149414,3.9156837463378906,9.3343337059021,12.862159252166748,16.09292526245117,21.62758731842041,-21.293516159057617,-15.583755016326904,-11.94862699508667,-8.643587684631347,-3.4589165449142456,0.7147982716560364,0.9364219844341278,0.9964846074581146,0.999937254190445,0.9999995231628418,3.1298034741666925e-07,7.091582020469407e-05,0.0030713370797457173,0.07151605673716405,0.3187832087278366,2.1156377314923702e-05,0.0008064372664193797,0.011985505669144914,0.12166097577573964,1.231420555016939,5.456760732158727e-07,6.296496576396748e-05,0.003975697327405214,0.1144846670329571,2.462745815515518,2.837181085624252e-07,7.100533680386434e-05,0.003470035851933062,0.13661478392314166,1.6350262761116028,4.533179998397827,8.759900188446045,11.959574222564697,15.590668773651124,21.293516159057617,0.0,0.0,0.0,3.211053553968678e-05,0.0004404340870678425,0.2823559194803238,0.32839365005493165,0.3610544800758362,0.4008209764957428,0.46944132447242737,0.01893843337893486,0.02519993484020233,0.030181877315044403,0.03585091568529606,0.047170963138341904,0.0002713724970817566,0.0005111530423164368,0.0008346661925315857,0.001342780888080597,0.003006778657436371,0.002380288322456181,0.0033321642316877843,0.004277694504708052,0.005676498683169484,0.008061239728704095,0.0021377981174737215,0.003778328909538686,0.005853821989148855,0.008696625381708147,0.015144402161240578,0.9572353363037109,1.3931186556816102,1.7228022813796997,2.084120845794678,2.652071475982666
S1,25,26521,27625,1105,0.1,0.1,0.15,1.0,0.6135746606334842,0,0,8192.0,8192.0,0.13031674208144797,0.0,0.9988115429878235,0.9995436191558837,0.9997467994689941,0.9998646140098572,0.9999493956565857,0.9775857925415039,0.9940388083457947,0.9969125986099243,0.998430597782135,0.9993175268173218,0.9982725381851196,0.9992237091064453,0.999555766582489,0.9997640252113342,0.9999110698699951,0.9998326301574707,0.999919056892395,0.9999569654464722,0.99997980594635,0.9999964237213135,0.0,0.0,0.0,0.0,0.0,0.9830780029296875,0.9948226928710937,0.9981155395507812,0.9993865966796875,0.9999923706054688,5.389401636080038e-08,4.914616852147447e-07,3.1509548534813803e-06,2.232105980510824e-05,0.00027626275550574064,5.051447078585625e-05,0.00013419999741017818,0.00024828402092680335,0.00044172993511892855,0.0010473912116140127,8.939048767089844,9.835278701782226,10.650819778442383,11.741806411743164,14.691909790039062,0.012978940270841122,0.01729022078216076,0.02180490829050541,0.02734988331794739,0.03992566838860512,0.026199091225862503,0.03566902428865433,0.0495593436062336,0.06776920706033707,0.08719944208860397,0.01172252930700779,0.015612656250596046,0.019504820927977562,0.024118736386299133,0.03471330553293228,0.08937206864356995,0.11890658959746361,0.15065114200115204,0.18972775787115098,0.27778078615665436,0.04019911587238312,0.05349248200654984,0.06777002662420273,0.08534889817237853,0.124992236495018,1.263066053390503,1.8641585111618042,2.5333874225616455,3.7586884975433352,9.69463062286377,0.0018541587051004171,0.13234338760375977,1.704554557800293,14.766816711425784,47.55662536621094,4.056073188781738,9.933528327941895,13.31706953048706,16.400615119934084,20.223228454589844,-23.526217460632324,-16.021685314178466,-12.532214641571045,-9.112786769866943,-3.0060298442840576,0.7521625459194183,0.9402583241462708,0.9975544810295105,0.9999512493610382,0.9999995529651642,4.983223291787908e-07,4.492232108077587e-05,0.001958326844601288,0.048851167038083114,0.2715068459510803,1.2245978666669544e-05,0.0006509239846309356,0.008307671941111039,0.11263127708770072,1.2939673195569412,5.165049543620626e-07,4.8802648620949185e-05,0.002640573540702462,0.10857186522334815,2.5873735323548317,4.757113032383131e-07,4.500594541241299e-05,0.002082376158796251,0.07755755928810686,1.1685250289156102,3.9911051988601685,9.176951885223389,12.534701347351074,16.023043155670166,23.526217460632324,0.0,0.0,0.0,2.7941958978772164e-05,0.0004614906501956284,0.2661631405353546,0.32080751061439516,0.35233521461486816,0.3919391125440598,0.5238981246948242,0.0183334369212389,0.025375729240477086,0.030186650343239307,0.03574537225067616,0.04340752214193344,0.00029655545949935913,0.000529634952545166,0.0008893311023712158,0.0015047267079353333,0.0026675164699554443,0.0025394888361915946,0.0033954712096601726,0.004337865160778165,0.005652409419417382,0.009036808740347624,0.0022664772113785148,0.003879031562246382,0.005975986365228891,0.009097939450293779,0.014245739206671715,0.9056152701377869,1.4264038443565368,1.7649270296096802,2.121002173423767,2.8905880451202393
S2,16,16576,17680,1105,0.05,0.059992758870383786,0.15,0.951131221719457,0.8850678733031674,3,3,32768.0,8192.0,0.33212669683257917,0.0,0.9974725246429443,0.9994143724441529,0.9997910261154175,0.9999155282974244,0.9999688863754272,0.9577545523643494,0.9937538981437684,0.9978402256965637,0.9991638660430908,0.9996923208236694,0.9935117363929749,0.9986853003501892,0.9995505213737488,0.999823272228241,0.999935507774353,0.999127209186554,0.9998633861541748,0.9999538660049438,0.9999803304672241,0.9999938011169434,0.0,0.0,0.0,0.0,0.0,0.9485855102539062,0.9951446533203125,0.999237060546875,0.9999313354492188,1.0,7.0609593727510855e-09,7.614427488533693e-08,6.171890163386706e-07,7.293567614397036e-06,0.0005890400498174131,3.1121329811867326e-05,8.430941961705685e-05,0.00020822140504606068,0.0005825182073749603,0.0024956923443824053,7.386895179748535,9.262248992919922,10.379302978515625,11.355343437194824,12.708629608154297,0.011651407927274704,0.015520663931965828,0.018397903069853783,0.021891282126307487,0.03768216073513031,0.021865447983145714,0.030901244655251504,0.0385873056948185,0.049569294601678845,0.0777207762002945,0.010501615703105927,0.013924580998718739,0.01651088520884514,0.01963179334998131,0.03356354311108589,0.08034408092498779,0.10696167722344399,0.12680909037590027,0.1510986492037773,0.2604781314730644,0.0361158512532711,0.048121513426303865,0.05705706775188446,0.06798194348812103,0.1171761155128479,0.8183785080909729,1.067856240272522,1.3576854467391968,1.9099820852279663,5.457866668701172,0.0276529211550951,0.9009740471839904,5.773784160614014,17.62258682250977,69.59757232666016,-0.2656208276748657,5.940954065322876,8.828691482543945,11.609688854217529,14.361713886260986,-15.375951290130615,-11.152581977844239,-8.378509044647217,-5.525344181060791,-1.8741398453712463,0.43105548620224,0.8683258771896363,0.9814862608909607,0.9991155803203583,0.9999852180480957,1.7406450297130505e-05,0.0009029418812133372,0.018743627151707187,0.12308024428784849,0.38619763404130936,0.00028572419250849634,0.006912471584109881,0.051002075961150695,0.23454622929057226,0.9039588507730514,1.4779179764445871e-05,0.0009201341366861016,0.02220504813885782,0.30177687043324136,1.76262965798378,1.739230447128648e-05,0.0009321252029621974,0.02234618179500103,0.2564630756191037,1.6805151738226414,2.6821481585502625,5.783731889724732,8.422330856323242,11.163432025909424,15.375992774963379,0.0,0.0,0.0,0.00019294577650725845,0.0005544844316318631,0.31429243087768555,0.3577351212501526,0.39147162437438965,0.43280455470085144,0.5021053701639175,0.01982328947633505,0.02528387438505888,0.02996868547052145,0.03558480329811573,0.04731496050953865,0.00022834539413452148,0.00041829049587249756,0.0006472766399383545,0.0009957283735275268,0.011189505457878113,0.002345858491025865,0.0032229266362264752,0.004075514851137996,0.005266051786020398,0.00915554934181273,0.0017390375724062324,0.0036384466104209426,0.005197343532927334,0.0071967486292123795,0.011257162783294916,0.6453679800033569,0.85966796875,1.0092764496803284,1.1825372338294984,1.4739566445350647
S2,17,17681,18785,1105,0.06000181028240406,0.06999456915278784,0.15,0.9918552036199095,0.865158371040724,0,0,32768.0,8192.0,0.32760180995475113,0.0,0.9963238835334778,0.999212384223938,0.9997017979621887,0.9998681783676148,0.999971330165863,0.942581832408905,0.9909236788749695,0.9967013001441956,0.9986006617546082,0.9996724128723145,0.9931228756904602,0.9982136487960815,0.9993067979812622,0.9996947050094604,0.9999349117279053,0.9988969564437866,0.9998534917831421,0.9999443292617798,0.999976634979248,0.9999947547912598,0.0,0.0,0.0,0.0,0.0,0.9315643310546875,0.9916000366210938,0.9985885620117188,0.9998016357421875,1.0,6.451390532902224e-09,1.750777101960921e-07,1.1600386642385274e-06,9.35121479415102e-06,0.0006565090152435005,2.8655267669819295e-05,0.00013144027907401322,0.00029576802626252174,0.0007699674693867567,0.003347561461851001,7.769567489624023,9.268881225585938,10.266622543334961,11.1922176361084,13.21567153930664,0.011551205068826675,0.015616262704133988,0.018884696066379547,0.022610036283731462,0.031709782779216766,0.02180987223982811,0.031116067618131637,0.03977734223008156,0.05232044756412506,0.08195377886295319,0.010405013337731361,0.0140767652541399,0.016946783289313316,0.020152189955115318,0.028022371232509613,0.07957761362195015,0.10752538442611695,0.13038187101483345,0.15631802901625633,0.21960432827472687,0.03580210357904434,0.04837676286697388,0.058621734380722046,0.0703265443444252,0.09881803393363953,0.9236956834793091,1.2234163761138916,1.5650190114974976,2.343130922317505,5.273837089538574,0.03172116354107857,0.7656818985939027,5.1955671310424805,16.91100311279297,81.26876831054688,0.05982680805027485,6.433072280883789,9.345036745071411,12.21428508758545,15.730868339538574,-15.928539276123047,-11.873985099792481,-8.951409816741943,-5.9277719974517815,-1.6441752016544342,0.4287460297346115,0.8818427205085755,0.984371691942215,0.9995530843734741,0.9999956786632538,3.5059093761447002e-06,0.0005466648231958971,0.014040621696040034,0.10610013068653645,0.4174365699291229,0.00033304034423053963,0.005699280242561145,0.041928487742552534,0.22288856610449556,1.1782038344333614,4.335183746206894e-06,0.00045086125173838816,0.018482150975614786,0.2812251063529403,2.356213629245758,3.473427682365582e-06,0.0005540688711334951,0.016464649117551744,0.2217146622482688,1.6037244465624099,2.417702555656433,6.125536632537842,9.000056743621826,11.87473659515381,15.92854356765747,0.0,0.0,0.0,0.00015600509941577912,0.000782668823376298,0.3025696575641632,0.35494067668914797,0.391571506857872,0.4317174255847931,0.506101056933403,0.02020155545324087,0.025465989485383034,0.03010829072445631,0.035541081055998805,0.04833520017564297,0.0002014264464378357,0.0004363700747489929,0.0006813779473304749,0.0010582342743873595,0.004461117088794708,0.0021135383867658675,0.0031896039377897977,0.0040376572869718075,0.005260073998942971,0.007709205383434892,0.002086406573653221,0.0037218208657577635,0.00540418759919703,0.007711197622120381,0.013700089883059263,0.7054505050182343,0.9468807995319367,1.131641149520874,1.3205540895462036,1.6774483919143677
S2,18,18786,19890,1105,0.07000362056480812,0.07999637943519189,0.15,1.0,0.8244343891402715,1,1,32768.0,8192.0,0.28868778280542984,0.0,0.9966477155685425,0.9990427970886231,0.999642014503479,0.9998496055603028,0.99996417760849,0.9610980749130249,0.9876732230186462,0.9955489635467529,0.9982094168663025,0.9995694756507874,0.9913222789764404,0.9976476669311524,0.999208390712738,0.9996800422668457,0.9999302625656128,0.9989718198776245,0.9998644590377808,0.9999545812606812,0.9999814033508301,0.999996542930603,0.0,0.0,0.0,0.0,0.0,0.9193572998046875,0.9860000610351562,0.9973831176757812,0.9995620727539063,1.0,9.458065441947383e-09,3.115450795121433e-07,2.20223591895774e-06,1.5687877021264288e-05,0.00011412694584578276,3.5687007766682655e-05,0.00014934695791453124,0.0003557552699930966,0.0009481110610067845,0.0032817996107041836,7.528909683227539,9.318507957458497,10.362093925476074,11.35230369567871,13.86863899230957,0.011256386525928974,0.015464575216174125,0.018637681379914284,0.023438574001193046,0.0414494164288044,0.021377399563789368,0.03032500222325325,0.039160799235105515,0.055936340987682354,0.0961323007941246,0.01013976614922285,0.013951440900564193,0.016754284501075745,0.02083522789180279,0.035930074751377106,0.07759423926472664,0.10641395971179009,0.12839513272047043,0.16235744804143906,0.2886323481798172,0.03489299118518829,0.047869347780942914,0.05775883421301842,0.07302639484405518,0.1298716515302658,1.006211519241333,1.3303171634674071,1.7730268239974976,2.6052205562591553,7.940404891967773,0.058034077286720276,0.5665391802787781,4.629867076873779,16.596894454956058,64.14602661132812,0.49073557555675507,6.623908376693725,9.883888244628906,12.704545783996583,15.762536525726318,-16.961864471435547,-12.424292945861817,-9.393202304840088,-6.364044570922851,0.6511347331106663,0.538290411233902,0.8884737372398377,0.9890755414962769,0.9995536744594574,0.9999971985816956,5.132570095156552e-06,0.0004823565017431975,0.01074256410356611,0.10598211567848921,0.5736963450908661,0.00034249304235345335,0.004013110294181388,0.03403606450240204,0.20685050989268353,0.9668493728458998,2.796085425416095e-06,0.0004554446655674838,0.012767509873810923,0.22211037762463093,1.9330708663910627,5.101561441733793e-06,0.0004840643356146757,0.012067854055203497,0.20320795625448226,1.9295406937599182,1.2784059643745422,6.504994249343873,9.439591407775879,12.426794052124023,16.961976528167725,0.0,0.0,0.0,0.00014420826919376854,0.0008733523427508771,0.30371759831905365,0.3563227117061615,0.3898128569126129,0.43179312348365784,0.5336922705173492,0.018842801451683044,0.025223690271377563,0.030027023516595364,0.035640104487538335,0.046012287959456444,0.0002079308032989502,0.0004228860139846802,0.0006779804825782776,0.0011513516306877135,0.0035666823387145996,0.0022180559462867677,0.003172814822755754,0.00394042395055294,0.004977817018516362,0.008130134083330631,0.002102487371303141,0.0035857568960636853,0.005418380023911595,0.008648113533854484,0.01596386032178998,0.6907336413860321,1.0281648457050323,1.2543211579322815,1.497157669067383,1.844800353050232
S2,19,19891,20995,1105,0.08000543084721218,0.08999818971759595,0.15,1.0,0.8244343891402715,0,0,32768.0,16384.0,0.18099547511312217,0.0,0.9980525374412537,0.999373483657837,0.9997042417526245,0.9998666405677795,0.9999667406082153,0.9717789888381958,0.9925393462181091,0.9965435862541199,0.9983989357948303,0.9996302127838135,0.9962782263755798,0.9985561966896057,0.99935382604599,0.9997188925743103,0.9999443292617798,0.9995694756507874,0.9998730659484864,0.9999531507492065,0.9999810457229614,0.9999948740005493,0.0,0.0,0.0,0.0,0.0,0.9610519409179688,0.9936614990234375,0.9984054565429688,0.9997100830078125,1.0,9.522365118641574e-09,2.637125533055951e-07,1.4711663425259758e-06,8.277142660517713e-06,0.00016674966900609434,3.3177850127685815e-05,0.0001328091573668644,0.00029287918005138636,0.0006210812134668232,0.0018322134856134653,7.99899959564209,9.350882530212402,10.388019561767578,11.514094924926757,13.380086898803711,0.01198536530137062,0.015847042948007584,0.019038354977965355,0.024670203775167467,0.038029395043849945,0.021437279880046844,0.03098117858171463,0.03980918228626251,0.05861786082386971,0.09320388734340668,0.01082637906074524,0.014324509724974632,0.017103739082813263,0.021913453936576843,0.033057697117328644,0.08252933248877525,0.10909265279769897,0.13112103566527367,0.17093612998723984,0.26462791860103607,0.03712041676044464,0.04908248484134674,0.05899515002965927,0.0768920511007309,0.11906510591506958,1.1064748764038086,1.5289650440216065,1.997257947921753,2.914086246490479,14.498091697692871,0.01545038353651762,0.58641517162323,4.396242618560791,16.94765319824219,48.31367492675781,1.953545793890953,7.2194445610046385,10.368220329284668,13.051797676086426,18.318474769592285,-16.954978942871094,-13.064070224761963,-10.037014484405518,-6.765838360786438,-2.533990263938904,0.6180795431137085,0.8989169538021088,0.9897002279758453,0.9996316730976105,0.999996691942215,6.071432608223404e-06,0.0003134542712359689,0.009973762033041567,0.10007379036396742,0.3191646337509155,0.0001677157597441692,0.003912183177601491,0.030632161654523316,0.18464466111054206,0.7709193201153539,3.294482212368166e-06,0.00038260723158600746,0.012416962767019868,0.21201628595590594,1.4790945649147034,6.047487204341451e-06,0.0003156156715704128,0.011472939571831375,0.1970888631185517,1.5364086612826213,2.9379407167434692,6.9179826259613035,10.082345008850098,13.074725723266603,16.95498561859131,0.0,0.0,0.0,5.1615270785987396e-05,0.0006388258188962936,0.3181126266717911,0.3545437216758728,0.3909609317779541,0.4271528601646423,0.5002022683620453,0.01881912723183632,0.02546032704412937,0.030101549811661243,0.03538554161787033,0.04415949061512947,0.0002831891179084778,0.00043171197175979615,0.0006806179881095886,0.0011976107954978943,0.0031452029943466187,0.002310651238076389,0.003165987739339471,0.004002327797934413,0.005155718233436346,0.007410129997879267,0.0021576458238996565,0.0036855545593425633,0.005547204054892063,0.008737894985824824,0.015366827137768269,0.7331647276878357,1.1350139737129212,1.4046202301979065,1.6688282370567322,2.0174500346183777
S2,20,20996,22100,1105,0.09000724112961622,0.1,0.15,1.0,0.7828054298642534,2,2,16384.0,16384.0,0.1755656108597285,0.0,0.9969723224639893,0.9993407249450683,0.9997180700302124,0.9998889684677124,0.9999935626983643,0.960878312587738,0.9917612075805664,0.9965435862541199,0.9986701846122742,0.999913215637207,0.990767776966095,0.998504638671875,0.999376118183136,0.9997748732566833,0.999988317489624,0.9994428753852844,0.9999001026153564,0.9999635219573975,0.9999872446060181,0.9999990463256836,0.0,0.0,0.0,0.0,0.0,0.908233642578125,0.9928375244140625,0.9984588623046875,0.9996917724609375,1.0,1.8414527680477022e-09,2.8304104944254503e-07,1.659024519540253e-06,1.0374334488005845e-05,0.0001093894024961628,6.4075702539412305e-06,0.00011052918853238225,0.00027877255342900753,0.0006516987225040794,0.0029439078643918037,7.921628475189209,9.59592933654785,10.75503158569336,12.106287956237793,15.095878601074219,0.012789744883775711,0.016484789177775384,0.020744722336530685,0.027047263458371162,0.03832043334841728,0.024413924664258957,0.032831354439258574,0.044921886175870895,0.06659725606441498,0.09150217473506927,0.011600848287343979,0.014907829649746417,0.018543925136327744,0.02385024502873421,0.033370114862918854,0.08795739710330963,0.113563272356987,0.14333944767713547,0.18753093332052231,0.2665054202079773,0.039563216269016266,0.051080566644668576,0.06447605788707733,0.08437478542327881,0.1199149489402771,1.2230212688446045,1.8043933153152467,2.4776206016540527,3.8356295585632325,20.86647605895996,0.02756018377840519,0.40111114978790285,3.441749095916748,17.089345932006836,49.308631896972656,3.477944314479828,7.994736957550049,10.735611915588379,13.58620309829712,18.362483978271484,-19.135525703430176,-13.501236724853516,-10.296097755432129,-7.134625673294067,-3.4759457111358643,0.6835799515247345,0.9084803760051727,0.9919165670871735,0.9996822416782379,0.9999995827674866,1.4793571452287324e-06,0.00023126856503949967,0.007378629583399743,0.09135144362226129,0.27312601963058114,0.00016078903536254074,0.002322595439909492,0.023512385414505843,0.17224474032984177,0.9848495474293486,4.87415512395728e-07,0.00031904962906992296,0.009172535079414956,0.1779183407896199,1.9696782976388931,1.4643536445646532e-06,0.0002332462103368016,0.008317965897731483,0.1665833522565663,1.9288779034213803,3.878661632537842,7.293829393386841,10.315098762512207,13.503723049163819,19.13552761077881,0.0,0.0,0.0,5.683351773768666e-05,0.0005246991058811545,0.3058725595474243,0.34905829429626467,0.384619876742363,0.4256727755069733,0.5424433052539825,0.019544149748981,0.025466123037040232,0.030215495266020298,0.035729795694351196,0.045303987339138985,0.00019387900829315186,0.00046927034854888917,0.0007963776588439941,0.0013879701495170594,0.0031756162643432617,0.002220480120740831,0.003317153989337385,0.004266527132131159,0.0054088253527879715,0.008298513013869524,0.002612582757137716,0.0038878224790096284,0.0062098330818116665,0.009661245392635465,0.015299973543733358,0.9234781265258789,1.2257785320281982,1.5268903970718384,1.8401564598083495,2.4262917041778564
S2,21,22101,23205,1105,0.1,0.1,0.15,1.0,0.7457013574660634,2,2,8192.0,8192.0,0.18552036199095023,0.0,0.9966369271278381,0.9990061163902283,0.9995546340942383,0.9998462677001954,0.9999696016311646,0.9520419239997864,0.9861939311027527,0.9942250847816467,0.9980852007865906,0.9995744824409485,0.9916841983795166,0.9978087544441223,0.9990781545639038,0.9996874332427979,0.9999374151229858,0.9996273517608643,0.9998674154281616,0.9999501705169678,0.9999823093414306,0.9999972581863403,0.0,0.0,0.0,0.0,0.0,0.9158782958984375,0.9836639404296875,0.9959640502929688,0.9993515014648438,1.0,1.419670780933302e-08,5.088474722469982e-07,4.472235559660476e-06,2.226976794190705e-05,0.00015305682609323412,3.03719916701084e-05,0.00015236925100907682,0.0004370253882370889,0.0009698576992377639,0.0032395031303167343,8.175640106201172,9.28104763031006,10.48924446105957,12.017402648925781,14.595926284790039,0.013372578658163548,0.016708704084157942,0.020706569775938988,0.02745709791779518,0.04123268648982048,0.025463787838816643,0.03323489502072334,0.04425664246082306,0.06912259310483933,0.09952405840158463,0.012047862634062767,0.015098058059811592,0.018544502556324005,0.02416710928082466,0.03556077927350998,0.09218603745102882,0.1150947704911232,0.1432584561407566,0.19044258743524553,0.2875337600708008,0.041451867669820786,0.05176164358854294,0.06445394456386566,0.08567480742931366,0.12937471270561218,1.4359043836593628,1.9139940023422242,2.6055660247802734,4.18769235610962,28.011747360229492,0.0027886151801794767,0.33457505106925967,3.220012903213501,15.894448852539067,49.07699966430664,2.8724483251571655,8.150988435745239,11.419926166534424,14.599989795684815,18.425286293029785,-20.071146965026855,-14.200666522979736,-10.843295097351074,-7.549943828582763,-3.040734052658081,0.5903700292110443,0.9158265233039856,0.9933408796787262,0.9998781681060791,0.9999986588954926,2.0502430544411254e-06,0.00016724589622754137,0.0058793165371753275,0.07412273548543456,0.2921663075685501,1.998786996182389e-05,0.0018658378827240084,0.020144340344605993,0.15774527020985263,0.9913049381211749,1.415016299688432e-06,0.00012214937441967777,0.007673282386349456,0.16328809261322028,1.974390760762617,2.014504630665215e-06,0.00016820761957205831,0.00649045710451901,0.14112031651893633,1.5304668843746185,4.332016229629517,7.6860345840454105,10.870632648468018,14.201695346832276,20.071152687072754,0.0,0.0,0.0,7.115397602319723e-05,0.0005491275805979967,0.3102650046348572,0.34607677161693573,0.3809058219194412,0.4197209388017654,0.5220331251621246,0.01868749875575304,0.02518981508910656,0.030045033432543278,0.036019275709986684,0.04430469870567322,0.00029324740171432495,0.0004906371235847473,0.0007913261651992798,0.0013557076454162598,0.00375492125749588,0.0025292214704677463,0.0034036714350804687,0.004322629072703421,0.00546654355712235,0.008371527073904872,0.0019060339545831084,0.003854220383800566,0.00609784247353673,0.009758515283465385,0.016305427066981792,0.9572504460811615,1.3109713673591614,1.6286046504974365,1.9652378678321838,2.5379682779312134
S2,22,23206,24310,1105,0.1,0.1,0.15,1.0,0.7149321266968326,0,0,8192.0,8192.0,0.17466063348416289,0.0,0.9981260299682617,0.9991446137428284,0.9995893239974976,0.9998256683349609,0.9999430775642395,0.9717634320259094,0.9881438732147216,0.9946980476379395,0.9978155493736267,0.9992504715919495,0.9950370192527771,0.9982590079307556,0.9991638660430908,0.9996724128723145,0.9998952150344849,0.9995986819267273,0.9998798608779907,0.9999493360519409,0.9999777793884277,0.9999961853027344,0.0,0.0,0.0,0.0,7.62939453125e-06,0.956268310546875,0.987188720703125,0.9962005615234375,0.9991226196289062,0.9999923706054688,6.087063297854911e-08,7.234411555145926e-07,4.3816880861413665e-06,2.4525797925889492e-05,0.00023222553136292845,5.681085531250574e-05,0.0001726089743897319,0.0004045299137942493,0.0008289291057735681,0.001811013207770884,8.120597839355469,9.374054718017579,10.317514419555664,11.420260810852051,14.153002738952637,0.01321428082883358,0.016936483234167098,0.020498771220445633,0.02520917132496834,0.03426174446940422,0.025979718193411827,0.03441530838608742,0.04346020147204399,0.058054737746715546,0.08187304437160492,0.011877423152327538,0.015296930819749833,0.018376173451542854,0.022340114787220956,0.03004639409482479,0.09113457053899765,0.11672552973031998,0.14146241173148155,0.17421453595161437,0.2378472462296486,0.04098723083734512,0.05251189768314361,0.06365273892879486,0.07837423235177994,0.10700824111700058,1.266770839691162,1.8514150381088257,2.4321959018707275,3.6497235774993895,37.68832778930664,0.0022854360286146402,0.22552278935909273,2.8458733558654785,15.259589195251467,50.93318557739258,3.8624857664108276,8.716780614852905,11.9478759765625,15.14836835861206,19.07551670074463,-21.927549362182617,-14.697871875762939,-11.291823387145996,-7.777258205413818,-2.9590752124786377,0.6587012559175491,0.9234332263469696,0.9953725039958954,0.999908709526062,0.9999996721744537,4.310915215910427e-07,0.00013604939085780645,0.004105204599909484,0.06833085864782333,0.30514943040907383,2.001483176172769e-05,0.0012245072579389672,0.01670147758341045,0.14387276321285755,0.8893526531464886,3.558228343081282e-07,9.14436488528736e-05,0.005235500953858718,0.1437963956501335,1.7772362530231476,4.080931574890201e-07,0.00013631133697344924,0.004518209199886769,0.12420029847708067,1.5520008655730635,3.730870485305786,7.956129789352417,11.314188003540039,14.697998237609864,21.927549362182617,0.0,0.0,0.0,5.888631567358972e-05,0.0003518908051773906,0.28102876245975494,0.34121869802474974,0.37720656394958496,0.41483935713768005,0.5213101804256439,0.01992193330079317,0.02509914170950651,0.030360654927790165,0.03576727248728275,0.04609910026192665,0.0002894178032875061,0.000501897931098938,0.0007772818207740784,0.0012227371335029602,0.0031351372599601746,0.00242637877818197,0.003360258392058313,0.004281544825062156,0.005622612498700619,0.008537417277693748,0.0017939467215910554,0.0038081165868788956,0.005487316753715277,0.008226889558136464,0.014979983679950237,0.8963766098022461,1.3284295082092286,1.6681797504425049,2.0010079741477966,2.732786536216736
S2,23,24311,25415,1105,0.1,0.1,0.15,1.0,0.7013574660633484,1,1,8192.0,8192.0,0.17285067873303167,0.0,0.9983654618263245,0.9993043184280396,0.9996427297592163,0.9998134970664978,0.9999386668205261,0.97307288646698,0.9905654907226562,0.9955611824989319,0.9977091789245606,0.999140739440918,0.9971550703048706,0.9987257122993469,0.9993563294410706,0.9996646642684937,0.9998785257339478,0.9997658133506775,0.9999016523361206,0.9999520778656006,0.9999785423278809,0.9999967813491821,0.0,0.0,0.0,0.0,0.00011444091796875,0.97216796875,0.990643310546875,0.996856689453125,0.998974609375,0.9999237060546875,9.745303941599559e-08,9.335473805549555e-07,4.330996489443351e-06,4.746631529997106e-05,0.00029722123872488737,6.115216092439368e-05,0.00018349496240261943,0.0003387722827028483,0.0006567095639184119,0.001512243878096342,8.742055892944336,9.676569747924805,10.630077362060547,11.732364654541016,14.170211791992188,0.01274275965988636,0.01750444173812866,0.02183731086552143,0.02729543037712574,0.042073819786310196,0.024640968069434166,0.036059850454330446,0.04904674366116524,0.06587441116571427,0.09001302719116211,0.01149044930934906,0.015747815370559692,0.019480006769299507,0.024060504510998726,0.036622099578380585,0.08778579905629158,0.12050878182053566,0.15079451352357864,0.18927924931049347,0.2927710488438606,0.0394858755171299,0.05420878678560257,0.06783623993396759,0.08515741527080536,0.13168767094612122,1.3437590599060059,1.9128573894500733,2.5767455101013184,3.8676197052001955,9.475284576416016,0.009070569649338722,0.21398307979106904,2.848292350769043,15.844115447998048,48.85325241088867,3.0866107642650604,9.07893180847168,12.36111307144165,15.467277240753175,19.240076065063477,-19.296170234680176,-14.855549430847168,-11.537693500518799,-8.21901240348816,-3.5372155904769897,0.689871072769165,0.9232846796512604,0.9956436455249786,0.9999279499053955,0.999999612569809,3.4340854995207337e-06,0.00011811995923380892,0.004125278326682746,0.06896596508023553,0.27621570229530334,5.180698235562886e-05,0.0011598166753174156,0.01555422219087177,0.13518350381661293,1.06100903723177,4.585062498563275e-07,7.211815209302585e-05,0.005026270089729223,0.14989558968227368,2.1168773882091045,3.3997828268184094e-06,0.00012065829173479871,0.004508297191932797,0.1298966694623232,1.3991383630782366,4.509991645812988,8.368425464630127,11.57426929473877,14.855623149871827,19.296175956726074,0.0,0.0,0.0,6.65975268930197e-05,0.0008466335129924119,0.29485999047756195,0.33385958671569826,0.37106379866600037,0.4075021088123322,0.4849908947944641,0.01933873910456896,0.025422676093876363,0.03013433702290058,0.03560237009078264,0.04561224579811096,0.0002721920609474182,0.0005316033959388733,0.0008450597524642944,0.0013190418481826784,0.0031155645847320557,0.0022663967683911324,0.0033463109750300644,0.0042529882630333304,0.005531929014250636,0.008148251567035913,0.0018230542191304266,0.003912695031613111,0.006314201280474663,0.00940989595837891,0.015260561369359493,0.9788466691970825,1.355945074558258,1.6853061318397522,2.015354239940643,2.5300216674804688
S2,24,25416,26520,1105,0.1,0.1,0.15,1.0,0.6678733031674208,1,1,8192.0,8192.0,0.167420814479638,0.0,0.9977290630340576,0.9992506504058838,0.9996248483657837,0.9998106837272644,0.9999237656593323,0.9665370583534241,0.989704704284668,0.9953363537788391,0.9976310729980469,0.9991228580474854,0.9957684278488159,0.998742425441742,0.999373733997345,0.9996913194656372,0.9998785257339478,0.9996970891952515,0.9999019384384156,0.9999527931213379,0.9999788999557495,0.9999960660934448,0.0,0.0,0.0,0.0,0.00022125244140625,0.9669036865234375,0.9896575927734375,0.9963302612304688,0.9986953735351562,0.9998703002929688,1.1670083210901794e-07,1.1835404620796908e-06,6.231734005268663e-06,6.180642667459324e-05,0.0005765855894424021,7.598450611112639e-05,0.00018612027633935213,0.0003540882025845349,0.0007096237735822798,0.0017999762203544378,8.543559074401855,9.64265308380127,10.52374267578125,11.71915798187256,14.455056190490723,0.012983337044715881,0.017275186628103255,0.021241063252091408,0.026716116815805435,0.039752986282110214,0.02467133291065693,0.03587845712900162,0.047508303076028824,0.06431720703840256,0.08961176127195358,0.011750740930438042,0.015623836033046245,0.019039899110794067,0.02368420735001564,0.034774892032146454,0.08932089060544968,0.1189514309167862,0.14655131101608276,0.18542295694351196,0.2762135714292526,0.04018538445234299,0.053507423400878905,0.06593382358551025,0.0834082692861557,0.1242513656616211,1.3295388221740723,1.856392216682434,2.4989726543426514,3.7771268367767337,21.77942657470703,0.007206736598163843,0.17311598360538483,2.199374198913574,14.579098892211917,60.956905364990234,3.746175169944763,9.443481683731079,12.816390037536621,16.060366821289062,20.47395896911621,-20.959474563598633,-15.560650062561034,-12.063408851623535,-8.733580780029296,-3.0875415802001953,0.7748137712478638,0.9414080560207367,0.9965420663356781,0.9999290585517884,0.999999612569809,1.3526753050996376e-07,7.513245404879854e-05,0.003051863459404558,0.05959530479976824,0.3592771738767624,2.8660201827790388e-05,0.0009050963951835912,0.011583722094655968,0.1163303826197762,1.3912998259897904,4.0400271483775896e-07,7.104520409484394e-05,0.0037482177071979095,0.10089418888092043,2.7825703397393227,1.1391109921987663e-07,7.516949726777966e-05,0.003260449092408635,0.10335315763950349,1.6604286432266235,4.38105845451355,8.796847343444824,12.096102714538574,15.564233207702637,20.963923454284668,0.0,0.0,0.0,3.892877139151097e-05,0.0004954497562721372,0.2913602143526077,0.33087886571884156,0.36294667422771454,0.4024357795715332,0.47936132550239563,0.01903588604182005,0.025233852304518224,0.030128730461001396,0.03591144047677517,0.04713229462504387,0.0002962946891784668,0.0005240693688392639,0.0008172690868377686,0.001309075951576233,0.0030740201473236084,0.0025678997626528144,0.0033319029724225404,0.004247924545779824,0.005541367782279849,0.008231255924329162,0.002088547684252262,0.0038678145967423914,0.005931476829573512,0.008831356652081013,0.015150857158005238,0.9248908758163452,1.3941097140312195,1.732667088508606,2.091459262371063,2.642384171485901
S2,25,26521,27625,1105,0.1,0.1,0.15,1.0,0.5945701357466063,0,0,8192.0,8192.0,0.151131221719457,0.0,0.9978921413421631,0.9992421627044678,0.9995970726013184,0.9997906923294068,0.9999209642410278,0.969996988773346,0.9908389449119568,0.9951325058937073,0.9975274205207825,0.9991100430488586,0.9973165392875671,0.9989612817764282,0.9994162321090698,0.9996888637542725,0.9998534917831421,0.9998058676719666,0.9999186992645264,0.9999560117721558,0.9999790191650391,0.9999940395355225,0.0,0.0,0.0,0.0,0.0003204345703125,0.9742584228515625,0.9910049438476562,0.9958114624023438,0.9983673095703125,1.0,4.5081243627009826e-08,1.7944700630323497e-06,1.0634102181938943e-05,0.00013682988937944177,0.0005428341683000326,7.866973464842886e-05,0.00020502872357610613,0.00037469842936843634,0.0006573325023055077,0.0015434626257047057,8.809452056884766,9.784865188598634,10.600343704223633,11.699481582641601,13.687864303588867,0.012856981717050076,0.017325787246227263,0.021601732820272446,0.02709926925599575,0.03618492931127548,0.025614876300096512,0.03584407791495323,0.04889180511236191,0.06624106019735336,0.0835619643330574,0.011635426431894302,0.01564857065677643,0.01934865489602089,0.0240509070456028,0.03168078511953354,0.08845553919672966,0.11924576088786125,0.14929234981536865,0.18714979737997056,0.2514837086200714,0.03979543596506119,0.053639911115169525,0.0671217292547226,0.08420299887657165,0.11312117427587509,1.431898832321167,1.9806436538696288,2.6747922897338867,3.965338945388794,11.668191909790039,0.0003586298553273082,0.12890460789203645,1.6179600954055786,14.298274803161627,56.25994110107422,2.952183485031128,9.783180332183838,13.315226554870605,16.604514789581298,20.633490562438965,-23.538122177124023,-16.16596336364746,-12.405880451202393,-9.150200366973877,-3.2933322191238403,0.6671695113182068,0.9455603003501892,0.9978978633880615,0.9999560117721558,0.9999997317790985,4.0901062448028824e-07,5.493929288604705e-05,0.0020721345199490315,0.0537455220706761,0.29233574867248535,2.5521911481973802e-06,0.0006339541174270381,0.00767287205599132,0.1068535532176611,1.0936883678505183,2.852648646189948e-07,4.41309675935031e-05,0.0023295916071219835,0.09470215004403146,2.1867209430783987,3.827942833822817e-07,5.6164251054724454e-05,0.0021758441525889793,0.09059450002387169,1.1927711158059537,4.329076170921326,9.207067346572876,12.422372817993164,16.16614294052124,23.538124084472656,0.0,0.0,0.0,4.082890227437021e-05,0.0004804920172318816,0.2719528079032898,0.3244849681854248,0.3571692705154419,0.39673742055892947,0.5289023965597153,0.01835786458104849,0.025361603312194347,0.03019237145781517,0.03572937734425068,0.0433783233165741,0.000251084566116333,0.0005209892988204956,0.0008167475461959839,0.001285061240196228,0.0029330551624298096,0.002388551365584135,0.0033511103130877016,0.004227893427014351,0.005431387573480606,0.007840166334062815,0.0022755959071218967,0.003957187384366989,0.006331771961413324,0.009381656348705292,0.014232151210308075,0.9451238214969635,1.4345696926116944,1.7581434845924377,2.146808362007141,2.9045931100845337
