branch,global_update,lambda_adv,M_mean,mask_logit_mean,A_mean,D_real_logit_mean,D_fake_logit_mean,G_grad_l2_preclip,clip_coefficient,attribution_vs_recorded_rel,momentum_l2_vs_current_l2,grad_share_gadv,trunk_step_share_gadv,lin_dlogit_gadv,grad_share_artcon,trunk_step_share_artcon,lin_dlogit_artcon,grad_share_spec,trunk_step_share_spec,lin_dlogit_spec,grad_share_budget,trunk_step_share_budget,lin_dlogit_budget,grad_share_tv,trunk_step_share_tv,lin_dlogit_tv,grad_share_fidelity,trunk_step_share_fidelity,lin_dlogit_fidelity,trunk_step_share_momentum,lin_dlogit_momentum,lin_dlogit_TOTAL
S0,16576,0.1,0.9998936057090759,11.005565643310547,0.022539865225553513,6.313458442687988,-7.704485893249512,2.9547994136810303,0.33843233382867316,0.0004712412201784474,1.3239279804794728,0.9170936942100525,0.15716475966467028,0.08058731257915497,0.06772159785032272,0.17651646862603018,0.06176044046878815,0.00020010312437079847,0.00012002912582985717,-0.001181169180199504,0.0,0.0,0.0,0.0006461017183028162,0.00018544682098561906,-0.0005737788742408156,0.015311141265556216,0.00812224296523696,-0.05657363461796194,0.657891052848226,0.09669746458530426,0.1806960105895996
S0,16577,0.1,0.9998524188995361,11.084857940673828,0.021953575313091278,6.604982376098633,-7.113130569458008,2.3801653385162354,0.42013870367706607,0.0012717278942489026,0.48046607072052855,0.8379798531532288,0.315826590079869,-0.35434821248054504,0.1483197808265686,0.4556222350077551,0.14354082942008972,0.0002911148767452687,0.00014334135634367135,-0.0008751197019591928,0.0,0.0,0.0,0.0013213849160820246,0.0008284793539080474,-0.001431259443052113,0.01429701503366232,0.009553126650340549,-0.05181872728280723,0.2180262275302304,0.07471278309822083,-0.19264644384384155
S0,16580,0.1,0.9999647736549377,11.908340454101562,0.019158609211444855,11.253148078918457,-4.515815734863281,3.179896593093872,0.3144755359958158,0.00035796117725156717,0.9285500269797182,0.9560721516609192,0.3677235657002802,-0.699681282043457,0.03530323877930641,0.1624496682119881,0.23421324789524078,9.541136387269944e-05,0.00027087769375561273,-0.0010152936447411776,0.0,0.0,0.0,4.583959889714606e-05,0.0001936435723083758,-0.0011334512382745743,0.009091958258068189,0.03263652393926085,-0.017319342819973826,0.4367257208954587,0.030664637684822083,-0.4539925158023834
S0,16600,0.1,0.9997783899307251,10.444671630859375,0.020583780482411385,9.597203254699707,-8.15825080871582,2.423398971557617,0.4126433984222833,0.0008186536646744259,0.2685664690353143,0.9394693374633789,0.5324680530846476,-0.031502120196819305,0.073048435151577,0.4448210708816685,0.10340284556150436,-7.833674317225814e-05,-0.00041654780152620724,-0.0005648910300806165,0.0,0.0,0.0,-0.0005266686202958226,-0.0012233118235707465,0.004445020109415054,-0.010394185112090781,-0.03686211587271708,-0.0751443081535399,0.06121285154221168,-0.14948391914367676,-0.15112809836864471
S0,16700,0.1,0.9999344348907471,13.536125183105469,0.033287860453128815,8.504107475280762,-10.30457878112793,4.068178176879883,0.24581021546031231,0.00045164615357398555,0.4843301624819152,0.9597710371017456,0.6182302821310285,-0.8763126730918884,0.02412145957350731,0.18882601434886112,-0.17703522741794586,9.548499656375498e-05,9.356502983765495e-05,-0.0012384816072881222,0.0,0.0,0.0,0.0007095490000210702,0.001396982637813817,-0.006432278547435999,0.01605601911433041,0.0471091993845381,-0.1454867806751281,0.14434395646839918,0.1756943017244339,-1.030373454093933
S0,16900,0.1,0.9995344877243042,9.670223236083984,0.02029898762702942,8.345868110656738,-6.302682399749756,1.7245736122131348,0.579853137648076,0.0008637861042666558,0.6474491597125663,0.81001877784729,0.19960084862382554,0.030954455956816673,0.1992136389017105,0.5107475336989996,0.5594474673271179,-6.186496193549829e-06,-0.00017469200481391514,-0.00055162631906569,0.0,0.0,0.0,-0.0007511278963647783,-0.0007895060965285792,0.0027745780535042286,-0.006975791708100587,-0.0022940536737619407,-0.08691501803696156,0.2929098694843917,-0.21558484435081482,0.2902070879936218
S0,17680,0.1,0.9991035461425781,9.134355545043945,0.01715334877371788,8.691143989562988,-8.4569673538208,2.0060527324676514,0.49849113401857764,0.000872663555840968,0.44592493611376627,0.895296573638916,0.28677252755658017,-0.40417587757110596,0.10795702040195465,0.5274661064566541,0.42399439215660095,-7.603948324685916e-05,0.0002026037897643092,-0.001732159173116088,0.0,0.0,0.0,-0.0007916918839327991,-0.00039604263646848944,0.008559664711356163,-0.0007736512197880074,0.019704875428381827,-0.03788639232516289,0.16624992943525374,0.09358053654432297,0.08273980021476746
S0,17681,0.1,0.9997274875640869,9.732510566711426,0.019126301631331444,10.2073335647583,-9.29295825958252,2.2927236557006836,0.43616227422406645,0.0008365169847443449,0.5409784901972842,0.966667115688324,0.10153776759228685,-0.44961440563201904,0.023564279079437256,0.6289815375099148,0.26869717240333557,5.82569055040949e-06,9.703996883286027e-05,-0.0007340627489611506,0.0,0.0,0.0,-2.5697601813590154e-05,3.0450686438387016e-05,-0.0009900772711262107,0.011560183338588104,0.02281813043563762,-0.032001407351344824,0.2465350738074638,0.07238098233938217,-0.14252668619155884
S0,22100,0.1,0.9992895126342773,8.763004302978516,0.01600779965519905,12.56387996673584,-15.306779861450195,2.042715311050415,0.4895442380277344,0.0007648413688911094,0.5565908414059773,0.7722561955451965,0.17919164812044894,-0.1622534841299057,0.19306710362434387,0.5800508196627302,0.5368200540542603,-0.00017141849093604833,-0.00017728320324190557,-0.001799021614715457,-0.0009712805040180683,3.701560644594617e-05,0.0016084517119452357,3.7558231269940734e-05,-0.00048558620955637007,0.007738030981272459,0.03760822242475115,-0.006499035442427879,-0.08613984659314156,0.2478824214137316,0.13340526819229126,0.43042370676994324
S0,22101,0.1,0.9997708797454834,11.149347305297852,0.026684027165174484,6.384272575378418,-14.794344902038574,2.9762701988220215,0.33599088698495955,0.00028421715471960244,1.1302038842847426,0.9833839535713196,0.2105724002421355,-0.5808342099189758,0.019452940672636032,0.19628414461548685,0.02982284501194954,0.00013453280553221703,-7.389263482987034e-05,-0.0004951978335157037,0.0,0.0,0.0,0.0002983561425935477,0.00017460184159876575,6.221211515367031e-05,-0.0027297125561744906,0.006096039725446352,-0.04600054770708084,0.5869467062024087,0.1689002811908722,-0.42848050594329834
S0,27625,0.1,0.9991874694824219,8.630343437194824,0.0167038906365633,18.756771087646484,-8.024534225463867,1.8787864446640015,0.5322581875028647,0.0011647287581974806,0.4651993221199089,0.8356242179870605,0.2218710923948751,-1.0209134817123413,0.16504712402820587,0.5454507569796215,1.1481578350067139,-0.00021013099467381835,-3.5323860189761116e-05,-0.003869202919304371,0.0,0.0,0.0,-9.869305358733982e-05,-1.5414587704363604e-05,0.010717399418354034,0.0020505673019215465,0.006039080753575995,-0.1284974734298885,0.2266898083191199,-0.28587546944618225,-0.2469291388988495
S1,16576,0.05,0.9998936057090759,11.005565643310547,0.022539865225553513,6.313458442687988,-7.704485893249512,1.6579984426498413,0.6031365115550245,0.0011743202756033168,0.9215925173135611,0.721049964427948,0.06698675090432898,0.07209829241037369,0.25437769293785095,0.44704985872098535,0.10991490632295609,0.00015337469812948257,2.3499651753608846e-05,-0.0022884588688611984,0.0,0.0,0.0,0.0009919330477714539,0.00014177500421466336,-0.0009260100778192282,0.025155447656288743,0.011893459707605226,-0.10053678776603192,0.4739046560383227,0.0966370552778244,0.17507393658161163
S1,16577,0.050045289855072464,0.9998469948768616,11.086219787597656,0.02203768491744995,6.604982376098633,-7.156318664550781,1.4108093976974487,0.7088124680907351,0.001084947214119068,0.41883749234794654,0.6430375576019287,0.15773931997808463,-0.30019763112068176,0.3379080295562744,0.6729347255046829,0.18982002139091492,0.00047164162970148027,0.00012033465589824367,-0.001555885304696858,0.0,0.0,0.0,0.0020528517197817564,0.000667451108955701,-0.0015241634100675583,0.01950506935827434,0.004753555294632925,-0.0928858146071434,0.16378461345217957,0.07996729016304016,-0.13049396872520447
S1,16580,0.050181159420289854,0.9999687075614929,12.04463005065918,0.019537141546607018,11.32141399383545,-4.558801651000977,1.5974329710006714,0.6260039652052571,0.0007001685654516292,0.7349821754833701,0.7887152433395386,0.19044232675122325,-0.7605986595153809,0.20278511941432953,0.4598899382456287,0.42897963523864746,-6.882005982333794e-05,0.00035218952949678164,-0.0019789193756878376,0.0,0.0,0.0,-0.00031926811789162457,-9.72486634731568e-06,-0.002413086825981736,0.010628591880958993,0.005879648371549077,-0.03487663040868938,0.34344562195527295,0.07750410586595535,-0.2932359576225281
S1,16600,0.051086956521739134,0.9998558163642883,10.898810386657715,0.02051592990756035,9.020673751831055,-9.225245475769043,1.1012734174728394,0.9080388903383048,0.0019303117171984756,0.3591941332500006,0.5951141119003296,0.29858613939000933,-0.02258240431547165,0.46681496500968933,0.6283197167666154,0.26543641090393066,-0.0005136036197654903,-0.000497518137127495,-0.0012678583152592182,0.0,0.0,0.0,-0.0029844692908227444,-0.0015323822168528613,0.001481091370806098,-0.05445748008787632,-0.03386165191610071,-0.15394086949527264,0.10898569614044713,-0.20045872032642365,-0.10948264598846436
S1,16700,0.05561594202898551,0.9999405145645142,12.079261779785156,0.022805219516158104,8.861640930175781,-10.877531051635742,1.431985855102539,0.6983304325991134,0.0007129227353139996,0.7548702245273401,0.8112164735794067,0.15724817469490782,-0.4368376135826111,0.16609804332256317,0.46366203865396344,0.33442866802215576,6.999842298682779e-05,0.00021585563091171554,-0.0029421031940728426,0.0,0.0,0.0,0.000649282184895128,0.0007093135125628871,-0.009422777220606804,0.02335104344820138,0.017547518013779274,-0.14011787623167038,0.36061709949431875,-0.02021363563835621,-0.27500537037849426
S1,16900,0.06467391304347826,0.9997707605361938,10.599502563476562,0.022123459726572037,8.331570625305176,-6.011733055114746,1.462623119354248,0.6837026593281549,0.0015655147327484557,0.6407055813217825,0.5322244167327881,0.08719703959884777,-0.18639259040355682,0.463498055934906,0.6218888842331953,0.39118099212646484,-1.117394640459679e-05,-3.2139390233234004e-05,-0.0014683101326227188,0.0,0.0,0.0,0.0002007628936553374,3.5445492887096436e-05,-0.0028562494553625584,0.006732611102052033,0.004682869383837116,-0.08273107185959816,0.2862279006648032,-0.26395082473754883,-0.14603964984416962
S1,17680,0.1,0.9994689226150513,9.498777389526367,0.018041253089904785,9.468307495117188,-7.004916191101074,1.5442522764205933,0.647562168246059,0.0011010605312634413,0.47677031142522386,0.6492276787757874,0.08989313700035169,-0.21050666272640228,0.31388455629348755,0.5337272438839672,0.5504555106163025,-0.0003683219547383487,-0.0003795794530725294,-0.0019524607341736555,0.0,0.0,0.0,-0.0009685056866146624,-0.0002775334984376264,0.008297850377857685,0.0407937309355475,0.18197827533025443,0.017141710966825485,0.19505845673297895,-0.013937334530055523,0.34951716661453247
S1,17681,0.1,0.999820351600647,10.380752563476562,0.020013369619846344,10.710326194763184,-7.677046775817871,1.747211217880249,0.5723403200632485,0.0007476324064764083,0.748095985945509,0.821144700050354,0.15369371534603604,-0.6400027871131897,0.13154588639736176,0.38536335566984203,0.46222609281539917,6.02052423346322e-05,0.0007301570121561613,-0.0018961260793730617,0.0,0.0,0.0,4.853024802287109e-05,0.00040982647670062886,-0.004557784181088209,0.04890210674784612,0.11337640125549941,-0.0813713800162077,0.34642654427159597,0.15895920991897583,-0.10665307193994522
S1,22100,0.1,0.9988244771957397,8.92276668548584,0.01469547301530838,11.755300521850586,-15.022256851196289,2.1165685653686523,0.4724626189292415,0.0010415461694371466,0.3902974004881126,0.8072043657302856,0.18538122491179196,-0.05995938181877136,0.19349147379398346,0.6831804658144042,0.7532054781913757,-0.0002265496732434258,-0.0001391821552097674,-0.002129998989403248,0.0004049438575748354,6.16911301579853e-05,0.0020917512010782957,0.0001881310745375231,-0.0004190451167274162,0.020066767930984497,0.0012780085671693087,0.008016702501531438,-0.1100328778848052,0.12391814291915984,0.06956113874912262,0.6725560426712036
S1,22101,0.1,0.9995325803756714,11.016630172729492,0.02664612978696823,4.726856708526611,-16.1195125579834,1.6911627054214478,0.5913088110833092,0.000977016452030316,0.5917227155481123,0.9298741221427917,0.31723388360275534,-0.7444985508918762,0.06820858269929886,0.4132519423803705,0.015226109884679317,0.0002264645299874246,-0.0002213418318949649,-0.0015317691722884774,0.0,0.0,0.0,0.0007593389600515366,0.0004900379006758139,0.010838227346539497,0.002375416806899011,0.017427744844501075,-0.08549158344976604,0.2518177330964218,0.25106707215309143,-0.5542900562286377
S1,27625,0.1,0.9993337988853455,8.939048767089844,0.017285482957959175,16.28106689453125,-12.376435279846191,2.1351888179779053,0.46834243568425815,0.0009539074507858051,0.6926384950503081,0.8914362788200378,0.2670744249527692,-0.4684318006038666,0.11290222406387329,0.40956700718704975,0.6516678929328918,7.121933595044538e-05,0.00022977073769164298,-0.0021867258474230766,0.0,0.0,0.0,5.738643812946975e-05,0.00021695915155674577,0.012422129511833191,-0.002351776372961467,0.0061029306050779655,-0.08825720846652985,0.3168089073526482,-0.23011386394500732,-0.12454646080732346
S2,16576,0.05,0.9998936057090759,11.005565643310547,0.022539865225553513,6.313458442687988,-7.704485893249512,1.6579984426498413,0.6031365115550245,0.0011743202756033168,0.9215925173135611,0.721049964427948,0.06698675090432898,0.07209829241037369,0.25437769293785095,0.44704985872098535,0.10991490632295609,0.00015337469812948257,2.3499651753608846e-05,-0.0022884588688611984,0.0,0.0,0.0,0.0009919330477714539,0.00014177500421466336,-0.0009260100778192282,0.025155447656288743,0.011893459707605226,-0.10053678776603192,0.4739046560383227,0.0966370552778244,0.17507393658161163
S2,16577,0.05000905141202028,0.9998469948768616,11.086219787597656,0.02203768491744995,6.604982376098633,-7.156318664550781,1.4100489616394043,0.7091947287012037,0.0010161836022154695,0.4186952023297132,0.6426229476928711,0.15753960807121867,-0.2999604642391205,0.3383255898952484,0.6732409362460725,0.1899624466896057,0.00047183563583530486,0.00012032477200822236,-0.0015591508708894253,0.0,0.0,0.0,0.0020533616188913584,0.000667085293703472,-0.0015406346647068858,0.019505362608470023,0.004747443791787621,-0.09293090086430311,0.16368460179526367,0.07997056841850281,-0.1302114874124527
S2,16580,0.0500362056480811,0.9999688863754272,12.044200897216797,0.019545700401067734,11.319969177246094,-4.5616455078125,1.5314263105392456,0.6529856122572872,0.0008813281394184588,0.702223479743581,0.840768575668335,0.19763230208283536,-0.7835667133331299,0.14769494533538818,0.4573381077872837,0.40090420842170715,-7.887557330832351e-06,0.00031744014720456353,-0.0020336091984063387,0.0,0.0,0.0,-0.00018426141468808055,-2.92239874304687e-05,-0.0026065006386488676,0.013167524029995548,0.007754139593111954,-0.039187092101201415,0.3369872343678693,0.06742756068706512,-0.35912024974823
S2,16600,0.050217233888486604,0.999880313873291,11.092607498168945,0.018974434584379196,9.241713523864746,-9.040912628173828,1.1223949193954468,0.8909512077864891,0.0015383086685379608,0.48176888705516147,0.35757559537887573,0.027721756811484984,-0.41882050037384033,0.6795011758804321,0.7735406230141866,0.5691709518432617,-0.0002862006367649883,-0.00028349051139548164,-0.0007311152876354754,0.0,0.0,0.0,-0.002376941731199622,-0.0009622989252464745,0.0027575003914535046,-0.031080748653039336,-0.016059930592726847,-0.09231615625321865,0.21604334014538237,-0.11383575201034546,-0.0548539012670517
S2,16700,0.05112237509051412,0.9999390840530396,11.919363021850586,0.022570982575416565,9.784892082214355,-10.352945327758789,1.2050502300262451,0.8298402383923718,0.0008173401444682559,0.8021317503098939,0.7098149657249451,0.1053879739147111,-0.13109710812568665,0.285861611366272,0.47768635613423893,0.2989500164985657,-0.00025902496417984366,-6.460694986900056e-05,-0.00239127641543746,0.0,0.0,0.0,-0.00037017647991888225,-9.533106101113806e-05,-0.006672988645732403,0.006831842300016433,0.00654382546130966,-0.06261659599840641,0.4105417825532786,-0.07382377982139587,0.022154223173856735
S2,16900,0.05293265749456916,0.9997918605804443,10.696797370910645,0.0208335742354393,7.668222904205322,-6.95935583114624,1.351961612701416,0.7396654246243215,0.0010096420729884365,0.6909828391281054,0.6561139822006226,0.09471085662742121,-0.26877540349960327,0.3519449532032013,0.5487701828146814,0.42505455017089844,-7.729051139904186e-05,-3.916087477747354e-05,-0.001000101212412119,0.0,0.0,0.0,-0.0006291110184974968,0.00017594187716130682,-0.0022726296447217464,-0.004983946477295831,0.0028499154824665777,-0.08961088582873344,0.35353226405298366,-0.16084057092666626,-0.0970659852027893
S2,17680,0.059992758870383786,0.9992855787277222,9.925830841064453,0.016508175060153008,9.797922134399414,-6.823705196380615,1.0802507400512695,0.9257101497031973,0.002474165249932961,0.33466564173375046,0.4466545879840851,0.0667897785623806,-0.24043266475200653,0.5590365529060364,0.8506176721303395,0.6034336090087891,-2.69813826889731e-05,0.0002265654068681775,-0.002206695731729269,0.0,0.0,0.0,-0.0004806469951290637,-0.00023403470984217543,0.017164738848805428,-0.0001569389132782817,-0.013104949109898451,-0.054432259406894445,0.0957049677493742,0.00825930293649435,0.3315778374671936
S2,17681,0.06000181028240406,0.9998520612716675,10.654303550720215,0.01948479190468788,12.256519317626953,-6.83328914642334,1.4363815784454346,0.6961933505781435,0.0007526754560627776,1.0166926668726723,0.6550261378288269,0.039780540344594356,-0.20572525262832642,0.16064836084842682,0.42192558856229334,0.39983123540878296,5.5287437135120854e-05,6.76213507996246e-05,-0.0015851787757128477,0.0,0.0,0.0,0.0002847494906745851,0.0002729098577970377,-0.0050387391820549965,0.18561389506794512,0.022642469031575654,-0.019676022231578827,0.5153108708468664,0.14852780103683472,0.3162390887737274
S2,22100,0.1,0.9992551803588867,10.566914558410645,0.020594658330082893,12.302268028259277,-14.549256324768066,3.1045143604278564,0.32211146794331935,0.0003911296253477177,0.7138864278030258,0.9783238768577576,0.3207743250994355,-0.4668888449668884,0.02165691927075386,0.34189047839768283,0.14142930507659912,4.7749417717568576e-05,-0.00010397650459119726,-0.0012356319930404425,-0.00014041629037819803,4.7275893889468505e-05,0.0010408456437289715,-0.00015258797793649137,-3.744270370321939e-05,0.005417000502347946,0.0009630920576455537,0.009134611844573232,-0.05581398168578744,0.32829472796846076,0.1923634260892868,-0.1830682009458542
S2,22101,0.1,0.9996333122253418,11.369457244873047,0.026267845183610916,6.574129581451416,-14.336760520935059,1.578575849533081,0.6334819874596443,0.0005205695152770963,0.41514782141816936,0.8985166549682617,0.38009527991375497,-0.878468930721283,0.08290525525808334,0.45059873726987293,0.16843187808990479,0.00015299886581487954,-6.243826568408265e-05,-0.0016550179570913315,0.0,0.0,0.0,0.0007128887227736413,0.00021557355554794203,0.002457055961713195,0.019258541986346245,0.033586675666891386,-0.04120817594230175,0.1355661718464038,-0.059486597776412964,-0.8093168139457703
S2,27625,0.1,0.9992175102233887,9.39873218536377,0.016719046980142593,13.557334899902344,-14.02055549621582,1.7778987884521484,0.5624613977093764,0.001958728709448728,0.23284214564906605,0.8734086751937866,0.34173259889901597,1.3939822912216187,0.12004073709249496,0.43162953227271206,3.3601272106170654,0.00014981529966462404,0.0004357804436390909,-0.02094392478466034,0.00021108858345542103,-0.00013740987946407273,0.08047915250062943,0.00031519823824055493,0.00046544013012568005,0.020392872393131256,0.009438379114726558,0.013970239925257514,-0.31391775887459517,0.21190381823150414,-0.3034244179725647,4.298578262329102
S3,16576,0.05,0.9998936057090759,11.005565643310547,0.022539865225553513,6.313458442687988,-7.704485893249512,1.6579984426498413,0.6031365115550245,0.0011743202756033168,0.9215925173135611,0.721049964427948,0.06698675090432898,0.07209829241037369,0.25437769293785095,0.44704985872098535,0.10991490632295609,0.00015337469812948257,2.3499651753608846e-05,-0.0022884588688611984,0.0,0.0,0.0,0.0009919330477714539,0.00014177500421466336,-0.0009260100778192282,0.025155447656288743,0.011893459707605226,-0.10053678776603192,0.4739046560383227,0.0966370552778244,0.17507393658161163
S3,16577,0.05,0.9998469948768616,11.086219787597656,0.02203768491744995,6.604982376098633,-7.156318664550781,1.409906268119812,0.7092665046925777,0.0011902464647931869,0.418642836733071,0.6425904631614685,0.1575586077042804,-0.29976046085357666,0.33835896849632263,0.6732604906942501,0.18996994197368622,0.0004718199488706887,0.0001202954879493296,-0.0015749135054647923,0.0,0.0,0.0,0.002053267788141966,0.0006670458030716505,-0.001545585342682898,0.019505113712511957,0.004746238942734741,-0.09291784279048443,0.16364732135192964,0.08000503480434418,-0.13011786341667175
S3,16580,0.05,0.9999697208404541,12.080641746520996,0.019584249705076218,11.323655128479004,-4.554988384246826,1.5695213079452515,0.6371365318847588,0.000939562002631411,0.7694693465163194,0.8196583986282349,0.20932517904957873,-0.7735781669616699,0.16969269514083862,0.4201671438097546,0.4366466999053955,3.24108186759986e-05,0.00031714142399663826,-0.0021206936798989773,0.0,0.0,0.0,-0.00023594599042553455,2.5198066095218947e-05,-0.0027041116263717413,0.012309324636589736,0.004931190536644248,-0.03543002996593714,0.36523414711519236,0.07801138609647751,-0.2990930676460266
S3,16600,0.05,0.9998634457588196,10.886581420898438,0.019750159233808517,9.175935745239258,-9.267007827758789,1.1654545068740845,0.8580336135543609,0.0015285694501807076,0.4036546857978451,0.4936645030975342,0.11742208987032388,-0.2649702727794647,0.5314595103263855,0.7660009346758964,0.370844304561615,-0.00039953060331754386,-0.0004328100352727531,-0.0009485892951488495,0.0,0.0,0.0,-0.0014485074207186699,-0.000778058682942054,0.006273774430155754,-0.01945089944638312,-0.019816163722973686,-0.07302492903545499,0.1376040078934945,-0.11106729507446289,-0.0736667588353157
S3,16700,0.05,0.9999054670333862,11.411759376525879,0.02146570384502411,8.855683326721191,-11.28439712524414,1.0142863988876343,0.9859138554779413,0.0007458775905769741,0.6388505703798574,0.6614540219306946,0.058787335120841104,-0.5107382535934448,0.33457598090171814,0.6451638613404794,1.02217435836792,-0.00042530856444500387,-0.0004102050752037747,-0.00353639735840261,0.0,0.0,0.0,-0.0011496779043227434,-0.0015069261201608177,-0.0073937056586146355,0.00775804856675677,-0.012667623651440543,-0.1558731533586979,0.3106335583939295,0.06699695438146591,0.4117943048477173
S3,16900,0.05,0.9998725652694702,11.035224914550781,0.020234541967511177,8.449946403503418,-6.301283359527588,1.0588634014129639,0.9444079890357875,0.0012063260602186994,0.5467895264071143,0.5814844965934753,0.034545816827179984,-0.28905585408210754,0.4178948700428009,0.717832191318905,0.34842151403427124,-0.0001615947112441063,1.6147345369409792e-06,-0.0008167780470103025,0.0,0.0,0.0,-0.0011591893853619695,-0.0002741853150989327,-0.010664442554116249,0.004704753926489502,0.00010781572501331266,-0.1643554139882326,0.2477867467354118,-0.054655030369758606,-0.1705218255519867
S4,16576,0.1,0.9998936057090759,11.005565643310547,0.015026576817035675,6.313458442687988,-7.374797344207764,1.6804124116897583,0.5950916560434012,0.0008427008103792048,1.015659440435995,0.7358000874519348,0.0829059861928533,0.08463895320892334,0.25724056363105774,0.38607964539542916,0.23736019432544708,-0.00011173459643032402,8.126641463841166e-06,-0.0011724820360541344,0.0,0.0,0.0,0.00013566453708335757,-3.4358610609699673e-06,0.0011077610542997718,0.008586744280819403,0.010265393489943386,-0.046818548580631614,0.5207442841375998,0.09683060646057129,0.37188294529914856
S4,16577,0.1,0.9998716711997986,11.242988586425781,0.01498504914343357,5.835046768188477,-7.647643566131592,1.3793138265609741,0.7249976442965423,0.001343421524158974,0.4803911701647883,0.6749305725097656,0.10824613562402509,-0.5706672072410583,0.32285547256469727,0.7070620722290201,0.9463061094284058,8.93322066986002e-05,3.916227999530854e-06,0.00034130329731851816,0.0,0.0,0.0,0.0003798537072725594,6.435904349968008e-05,0.00012430723290890455,0.004336147685535252,-0.002712841973564399,-0.06319222878664732,0.18733635886539646,0.15349698066711426,0.4669111967086792
S4,16580,0.1,0.999972939491272,12.331449508666992,0.013784032315015793,10.187665939331055,-5.58989953994751,1.9201865196228027,0.5207824703477074,0.000501372196131839,0.6999841000332006,0.9023142457008362,0.37371212598004494,-0.9189598560333252,0.07705320417881012,0.24150680584428724,0.3592747151851654,-1.4989534065534826e-05,0.00015705144191718542,-0.0010948192793875933,0.0,0.0,0.0,-7.074352470226586e-05,6.373980928362679e-05,-0.0013549597933888435,0.021770989909782656,0.09082529789863143,-0.02258480922318995,0.29373497907508617,-0.05821062624454498,-0.6426409482955933
S4,16600,0.1,0.99991774559021,11.433692932128906,0.015411878935992718,9.383622169494629,-8.767154693603516,1.321269154548645,0.7568474899378976,0.0014215199452005773,0.46045456190240713,0.7525045275688171,0.1692549042275077,-0.2659231722354889,0.24039983749389648,0.6593621383657413,0.29044806957244873,-3.335136716486886e-05,-0.00012970796977974445,-0.0003127502277493477,0.0,0.0,0.0,0.00012757949298247695,-0.0004579187095099089,0.0014172751689329743,0.010553875821642578,-0.005070283990464704,-0.03612389788031578,0.177040868087053,0.0023228605277836323,-0.007426370866596699
S4,16700,0.1,0.9999226331710815,12.675613403320312,0.01949487254023552,9.030773162841797,-10.849767684936523,1.630617618560791,0.6132641861299335,0.0006576748876758213,0.5682530892606773,0.8324304223060608,0.2523284075421378,-0.5669471025466919,0.1726287305355072,0.4909180323853402,0.6390788555145264,-7.406262739095837e-05,-3.6754491360715246e-05,-0.0017211150843650103,0.0,0.0,0.0,-0.0003741327382158488,-0.0002044273017023982,-0.005583522841334343,-0.0032548586023040116,0.008201764284988842,-0.13194273132830858,0.248792977561958,-0.025666479021310806,-0.09313458949327469
S4,16900,0.1,0.9999101758003235,11.897869110107422,0.017619075253605843,6.031094551086426,-8.84424114227295,1.666536569595337,0.6000464785458253,0.001266284254775106,0.5888329640389192,0.7757323980331421,0.09006693582122476,-0.1782299131155014,0.2334701418876648,0.6450203244320982,0.4100392460823059,-3.620867937570438e-05,9.765695852339065e-05,-6.0101854614913464e-05,0.0,0.0,0.0,-0.0004471574502531439,-0.000636418554622074,-0.004527152981609106,-0.006598824496904854,0.00026498595419655567,-0.06664151232689619,0.2651865154072626,-0.16459344327449799,-0.004376922268420458
