epoch,D_total_median,D_total_p10,D_total_p90,D_fake_median,D_fake_p10,D_fake_p90,D_real_median,D_real_p10,D_real_p90,gadv_median,gadv_p10,gadv_p90,G_total_median,G_total_p10,G_total_p90,G_grad_norm_median,G_grad_norm_p10,G_grad_norm_p90,D_grad_norm_median,D_grad_norm_p10,D_grad_norm_p90,artcon_median,artcon_p10,artcon_p90,spec_median,spec_p10,spec_p90,id_median,id_p10,id_p90,lm_median,lm_p10,lm_p90,parse_median,parse_p10,parse_p90,low_median,low_p10,low_p90,bg_median,bg_p10,bg_p90,budget_median,budget_p10,budget_p90,tv_median,tv_p10,tv_p90
1,0.422136,0.0240463,0.694106,0.415845,0.0218935,0.704718,0.436663,0.0269841,0.684867,1.20136,0.693387,4.04027,0.379859,0.357787,0.40619,0.0235435,0.00694671,0.0567684,2.0702,0.442896,15.1408,0.487319,0.450051,0.529455,0.0299757,0.0252355,0.0354768,3.10838e-05,1.99825e-06,5.26726e-05,0.000669797,0.000319896,0.00101528,0.252787,0.221694,0.289908,1.23054e-07,1.11716e-07,1.35178e-07,0.000474855,0.000268471,0.00130538,8.84668e-05,0,0.00835678,0.00854924,0.00188254,0.011401
2,0.000878146,0.000419488,0.00379555,0.000774191,0.000313654,0.00324835,0.000989839,0.000476323,0.00431456,7.44537,6.04245,8.38448,0.378188,0.355953,0.406276,0.0372325,0.0192138,0.0756316,0.0276104,0.00961637,0.162183,0.486176,0.445662,0.530033,0.0299074,0.024867,0.0356499,4.62309e-05,3.16471e-05,7.53343e-05,0.000732612,0.00053913,0.00111874,0.253209,0.22175,0.28955,1.23641e-07,1.11945e-07,1.35234e-07,0.000329062,0.000187506,0.000564158,0,0,9.25784e-05,0.00174191,0.00149194,0.0105443
3,0.000215404,0.000118253,0.000741438,0.000170092,6.90241e-05,0.000692886,0.000252544,0.000148971,0.000736031,9.02692,7.9707,9.99971,0.378165,0.354031,0.406232,0.029343,0.0194398,0.0542695,0.00695837,0.00252844,0.106811,0.483187,0.442859,0.528121,0.0300194,0.025192,0.0354893,5.78612e-05,4.11019e-05,9.07168e-05,0.000871364,0.000599914,0.00132026,0.253286,0.22209,0.291212,1.23259e-07,1.12218e-07,1.35375e-07,0.00040692,0.00022326,0.000701305,0,0,9.16815e-05,0.0103848,0.00195253,0.010752
4,6.28401e-05,3.27662e-05,0.000939178,4.23272e-05,1.96682e-05,0.00105122,8.44039e-05,4.0089e-05,0.000534402,10.6288,8.71707,11.189,0.374979,0.350883,0.403768,0.0381579,0.0230655,0.14166,0.00237064,0.000821353,0.0790667,0.473719,0.434275,0.520147,0.0299347,0.0249474,0.035819,9.54047e-05,5.31077e-05,0.000361568,0.00132012,0.000778129,0.0029569,0.252193,0.221718,0.29015,1.23083e-07,1.11192e-07,1.34753e-07,0.00082238,0.000449411,0.00261707,0,0,5.94301e-05,0.00331925,0.00226836,0.0139361
5,0.000151034,4.68752e-05,0.0232656,0.000112394,2.63891e-05,0.00184452,0.000120959,4.62396e-05,0.0270616,11.005,9.65534,12.2881,0.364069,0.341163,0.389658,0.172857,0.112998,0.274358,0.0119797,0.0020406,8.98369,0.443172,0.405015,0.487577,0.02992,0.0253303,0.0356854,0.000378981,0.000274321,0.000565064,0.00328487,0.00237489,0.00450224,0.253034,0.223083,0.293158,1.23214e-07,1.11951e-07,1.34559e-07,0.00276262,0.00206254,0.00355603,0,0,0,0.0166736,0.0132413,0.0203815
6,0.485879,0.000308737,0.809327,0.383611,0.000386636,0.895874,0.423341,0.000142807,1.04691,1.76675,0.841415,8.95408,0.729569,0.660881,1.06998,0.000453368,0.000306215,1.88432,6.01827,0.0114615,18.9676,0.477348,0.430164,0.526324,0.0299221,0.0250072,0.0355882,-1.49012e-08,-5.21541e-08,0.00334328,0,0,0.00834048,0.256239,0.224784,0.295961,1.28059e-07,1.15195e-07,1.40683e-07,1.87001e-08,1.34726e-08,0.0177981,0.01,0,0.01,0.000474046,0.000405563,0.0197694
7,0.335269,0.184848,0.543504,0.286521,0.0896117,0.715193,0.298111,0.099289,0.641787,2.48122,1.4343,3.79938,0.762677,0.696502,0.838565,0.000167362,9.98953e-05,0.00035633,7.18328,3.78477,13.5519,0.487195,0.447932,0.531557,0.0298177,0.0252781,0.0354625,-2.98023e-08,-5.96046e-08,0,0,0,0,0.253151,0.223249,0.288928,1.30042e-07,1.18188e-07,1.42401e-07,1.7061e-08,1.26471e-08,2.23501e-08,0.01,0.01,0.01,0.000300014,0.000283245,0.000363051
8,0.238515,0.108384,0.443904,0.189662,0.0405866,0.561965,0.194772,0.0500484,0.579336,3.44884,2.16121,5.02642,0.810827,0.727847,0.897974,0.000107161,8.21622e-05,0.000290921,7.37847,3.41911,14.3911,0.488506,0.448787,0.528634,0.0298437,0.0250922,0.0356673,-2.98023e-08,-5.96046e-08,0,0,0,0,0.254087,0.221102,0.290646,1.30004e-07,1.18329e-07,1.42129e-07,1.70599e-08,1.26885e-08,2.1891e-08,0.01,0.01,0.01,0.00026646,0.000161696,0.000278166
9,0.177697,0.0656329,0.381342,0.127031,0.0231249,0.488355,0.130397,0.0215305,0.536595,4.34777,2.70067,6.09767,0.853775,0.762739,0.948941,8.85703e-05,3.187e-05,0.00024717,7.40706,3.31059,15.624,0.487262,0.448835,0.532001,0.0299432,0.0252236,0.0354793,-2.98023e-08,-5.96046e-08,0,0,0,0,0.252971,0.224467,0.288776,1.29654e-07,1.17738e-07,1.42685e-07,1.69273e-08,1.25009e-08,2.18831e-08,0.01,0.01,0.01,2.87084e-05,1.02354e-05,0.000144377
10,0.132907,0.0391746,0.33713,0.0864987,0.0100836,0.412225,0.0921659,0.0112091,0.425778,5.10385,3.27549,7.18044,0.896956,0.794053,1.00501,1.64347e-05,1.25946e-05,2.38331e-05,7.47077,2.62368,15.6604,0.487224,0.445969,0.531834,0.0300279,0.0249459,0.0359509,-2.98023e-08,-5.96046e-08,0,0,0,0,0.252576,0.223197,0.289545,1.30196e-07,1.17907e-07,1.41789e-07,1.69063e-08,1.26076e-08,2.16527e-08,0.01,0.01,0.01,6.91178e-06,5.62343e-06,8.74667e-06
11,0.102894,0.0272026,0.295702,0.064194,0.00613691,0.362129,0.0631273,0.00585664,0.366856,5.94124,3.94821,7.97746,0.933057,0.832622,1.04404,9.53711e-06,7.88405e-06,1.1556e-05,7.12792,2.13402,16.2776,0.487399,0.446257,0.531587,0.029881,0.0252113,0.0354239,-2.98023e-08,-5.96046e-08,0,0,0,0,0.252622,0.222635,0.291429,1.29878e-07,1.17503e-07,1.42187e-07,1.69083e-08,1.25523e-08,2.19063e-08,0.01,0.01,0.01,4.16111e-06,3.26765e-06,5.14334e-06
12,0.0820065,0.0163289,0.272249,0.0415033,0.00283582,0.31756,0.0467504,0.0028834,0.354042,6.8191,4.53073,9.28454,0.97879,0.857475,1.10024,5.76465e-06,4.62794e-06,7.1242e-06,6.65534,1.49789,16.8078,0.486179,0.449298,0.531513,0.0300058,0.0252187,0.0354079,-2.98023e-08,-5.96046e-08,0,0,0,0,0.252242,0.223671,0.290484,1.2996e-07,1.18207e-07,1.42278e-07,1.68616e-08,1.26574e-08,2.16081e-08,0.01,0.01,0.01,2.29664e-06,1.79451e-06,2.9326e-06
13,0.0647753,0.0120975,0.245452,0.0323231,0.00180881,0.281622,0.0332612,0.00180757,0.279033,7.53344,5.17287,10.2257,1.00964,0.888496,1.15414,3.46297e-06,2.76815e-06,4.19762e-06,5.92919,1.33377,16.5443,0.485825,0.44957,0.53156,0.0300371,0.0251833,0.0356603,-2.98023e-08,-5.96046e-08,0,0,0,0,0.252925,0.222603,0.290556,1.29612e-07,1.18242e-07,1.42677e-07,1.68695e-08,1.23475e-08,2.16886e-08,0.01,0.01,0.01,1.28925e-06,9.98801e-07,1.62104e-06
14,0.0537446,0.00735035,0.227466,0.0207156,0.00110998,0.258899,0.0247371,0.00104175,0.27178,8.33907,5.57604,11.0532,1.0503,0.909467,1.19265,2.02553e-06,1.6331e-06,2.5112e-06,5.49458,0.922022,17.0268,0.485774,0.45016,0.53201,0.0298692,0.0250761,0.0354808,-2.98023e-08,-5.96046e-08,0,0,0,0,0.253458,0.221112,0.290982,1.30062e-07,1.1815e-07,1.42729e-07,1.68427e-08,1.26077e-08,2.1639e-08,0.01,0.01,0.01,7.04855e-07,5.60205e-07,9.02771e-07
15,0.0369374,0.00437855,0.192795,0.0156231,0.000695106,0.211964,0.0158669,0.000581053,0.216481,9.06805,6.17688,11.7723,1.08646,0.940585,1.23036,1.17156e-06,9.38091e-07,1.48383e-06,4.66728,0.55182,15.9058,0.485588,0.448095,0.534248,0.0299362,0.0250639,0.0356062,-2.98023e-08,-5.96046e-08,0,0,0,0,0.25185,0.224493,0.290904,1.29749e-07,1.18572e-07,1.42352e-07,1.69073e-08,1.26539e-08,2.16722e-08,0.01,0.01,0.01,3.87167e-07,3.05617e-07,5.05204e-07
16,0.0311206,0.00344058,0.180978,0.0107916,0.000340481,0.204227,0.0113197,0.000385942,0.232887,9.62103,6.79351,12.6913,1.59713,1.31765,1.90774,8.99742e-07,6.52968e-07,1.2428e-06,4.26073,0.548951,16.0459,0.487095,0.447904,0.532198,0.0298361,0.0250506,0.0354454,-2.98023e-08,-5.96046e-08,0,0,0,0,0.25229,0.223662,0.291284,1.30272e-07,1.18266e-07,1.4225e-07,1.67934e-08,1.2454e-08,2.19941e-08,0.01,0.01,0.01,2.80073e-07,1.99417e-07,3.97491e-07
17,0.0231658,0.00240804,0.184038,0.00861625,0.000220769,0.173399,0.00780981,0.00025936,0.171023,10.1712,7.18732,13.258,1.6607,1.35592,1.96685,4.36981e-07,3.32486e-07,5.78807e-07,3.43845,0.380148,16.3487,0.486872,0.446759,0.5306,0.0299572,0.0253391,0.03531,-2.98023e-08,-5.96046e-08,0,0,0,0,0.252391,0.221747,0.291755,1.29947e-07,1.17675e-07,1.42665e-07,1.69079e-08,1.23903e-08,2.20069e-08,0.01,0.01,0.01,1.28061e-07,9.48658e-08,1.73867e-07
18,0.0167666,0.0015981,0.154785,0.00564128,0.000155027,0.15039,0.00611577,0.000166794,0.146445,10.9596,7.855,14.1052,1.73011,1.41733,2.0525,2.26959e-07,1.76167e-07,2.98696e-07,2.79373,0.271177,15.0261,0.486911,0.445957,0.533379,0.0298628,0.0249981,0.0355077,-2.98023e-08,-5.96046e-08,0,0,0,0,0.252697,0.221886,0.291046,1.30087e-07,1.18219e-07,1.42401e-07,1.67352e-08,1.24325e-08,2.16779e-08,0.01,0.01,0.01,6.24883e-08,4.73096e-08,8.42935e-08
19,0.0145653,0.00106881,0.139321,0.00417239,0.00010967,0.117312,0.00430058,8.05271e-05,0.133987,11.5106,8.38336,14.6987,1.78607,1.47407,2.10572,1.21903e-07,9.51998e-08,1.57185e-07,2.62791,0.191911,14.6177,0.485781,0.448574,0.532474,0.0299129,0.0253529,0.0352691,-2.98023e-08,-5.96046e-08,0,0,0,0,0.252199,0.221909,0.292156,1.29803e-07,1.18645e-07,1.42093e-07,1.68742e-08,1.22966e-08,2.19126e-08,0.01,0.01,0.01,3.19022e-08,2.42905e-08,4.19947e-08
20,0.0113096,0.000685853,0.12873,0.00265034,6.51095e-05,0.0985193,0.00290021,0.000102347,0.117049,12.2922,8.95016,15.4187,1.86369,1.52119,2.17917,6.72583e-08,5.22872e-08,8.62522e-08,2.03215,0.122786,15.1355,0.486784,0.448252,0.52938,0.0300315,0.0251999,0.0355901,-2.98023e-08,-5.96046e-08,0,0,0,0,0.252694,0.221702,0.291665,1.30313e-07,1.178e-07,1.41945e-07,1.69298e-08,1.24831e-08,2.18497e-08,0.01,0.01,0.01,1.68293e-08,1.28199e-08,2.18888e-08
21,0.00871592,0.00060999,0.0997133,0.00271358,5.3036e-05,0.0973271,0.0025151,4.43727e-05,0.0864078,12.598,9.33901,15.8973,1.90068,1.55749,2.23908,3.7898e-08,2.94207e-08,4.77222e-08,1.67383,0.125752,13.0377,0.489049,0.446345,0.530394,0.0298267,0.0249905,0.0358194,-2.98023e-08,-5.96046e-08,0,0,0,0,0.252664,0.221503,0.290241,1.29742e-07,1.18035e-07,1.42726e-07,1.67599e-08,1.25425e-08,2.18433e-08,0.01,0.01,0.01,9.04422e-09,6.90944e-09,1.16502e-08
22,0.00740176,0.000372945,0.0903145,0.00155029,2.97283e-05,0.0762401,0.00166017,2.63516e-05,0.0685643,13.2171,9.88147,16.5325,1.95435,1.62627,2.29162,2.16847e-08,1.70653e-08,2.77151e-08,1.44766,0.0747299,12.7628,0.487187,0.445225,0.530668,0.0300582,0.024874,0.0356033,-2.98023e-08,-5.96046e-08,0,0,0,0,0.252087,0.223552,0.289278,1.3009e-07,1.17649e-07,1.42645e-07,1.6741e-08,1.26418e-08,2.1736e-08,0.01,0.01,0.01,5.01834e-09,3.94591e-09,6.48932e-09
23,0.00500911,0.000294132,0.0870098,0.00123442,3.00072e-05,0.0560519,0.00126689,2.60013e-05,0.0680927,13.4764,10.2937,16.8898,1.98448,1.65554,2.32671,1.27465e-08,1.01698e-08,1.62325e-08,1.02173,0.0563812,12.6207,0.48722,0.44805,0.531438,0.0299085,0.0251839,0.0353572,-2.98023e-08,-5.96046e-08,0,0,0,0,0.253443,0.221745,0.29145,1.29917e-07,1.18162e-07,1.42393e-07,1.69779e-08,1.22203e-08,2.16453e-08,0.01,0.01,0.01,2.95991e-09,2.36205e-09,3.77772e-09
24,0.00387285,0.000198696,0.0799113,0.000886994,1.54237e-05,0.0610378,0.00102121,1.46553e-05,0.0530887,14.2248,10.6712,17.7387,2.06235,1.69979,2.41733,8.03347e-09,6.71447e-09,9.98387e-09,0.921608,0.0398005,11.9049,0.487191,0.448657,0.532069,0.0299878,0.0250184,0.0355823,-2.98023e-08,-5.96046e-08,0,0,0,0,0.253384,0.222174,0.289607,1.30014e-07,1.18297e-07,1.41812e-07,1.68301e-08,1.22626e-08,2.18389e-08,0.01,0.01,0.01,1.86355e-09,1.53351e-09,2.32919e-09
25,0.00300711,0.000175091,0.0714444,0.000678171,1.35678e-05,0.0455531,0.00063563,1.06226e-05,0.0467203,14.567,11.0087,17.9082,2.08855,1.73608,2.43208,5.43925e-09,4.44475e-09,6.79926e-09,0.775459,0.0385747,11.1713,0.487999,0.450062,0.531695,0.0298832,0.025168,0.0354189,-2.98023e-08,-5.96046e-08,0,0,0,0,0.253188,0.22373,0.289528,1.29688e-07,1.17985e-07,1.42257e-07,1.68433e-08,1.26144e-08,2.18732e-08,0.01,0.01,0.01,1.23081e-09,9.92008e-10,1.55751e-09
26,0.00204721,0.000111749,0.0459175,0.000525944,8.42513e-06,0.0362419,0.000511238,8.86915e-06,0.0325519,14.8954,11.7644,18.5338,2.12902,1.80681,2.48909,3.59696e-09,2.91351e-09,4.46037e-09,0.509939,0.0259139,9.10636,0.487682,0.446635,0.5308,0.0299408,0.025047,0.035474,-2.98023e-08,-5.96046e-08,0,0,0,0,0.253319,0.221793,0.28906,1.30088e-07,1.17876e-07,1.427e-07,1.66495e-08,1.23914e-08,2.20167e-08,0.01,0.01,0.01,8.04093e-10,6.58365e-10,1.00217e-09
27,0.00186772,7.48999e-05,0.0459004,0.000362193,7.11628e-06,0.0292285,0.000375232,4.98421e-06,0.0288557,15.352,11.8468,18.8761,2.17704,1.82007,2.5231,2.28128e-09,1.75741e-09,2.88718e-09,0.469086,0.0171596,9.36297,0.485374,0.449169,0.534061,0.0299174,0.0251479,0.0354977,-2.98023e-08,-5.96046e-08,0,0,0,0,0.252734,0.222443,0.290142,1.30077e-07,1.17959e-07,1.4193e-07,1.68556e-08,1.22643e-08,2.18259e-08,0.01,0.01,0.01,5.29785e-10,4.20534e-10,6.58663e-10
28,0.00135401,5.48799e-05,0.0361205,0.000299647,4.56558e-06,0.0247183,0.000245011,3.94763e-06,0.0225243,15.7831,12.2189,19.3571,2.21219,1.84516,2.5819,1.43154e-09,1.15553e-09,1.8631e-09,0.390472,0.0126398,7.66484,0.487371,0.449322,0.532114,0.0298779,0.0252007,0.0355555,-2.98023e-08,-5.96046e-08,0,0,0,0,0.252483,0.221419,0.290092,1.30039e-07,1.17337e-07,1.43434e-07,1.68016e-08,1.24756e-08,2.19938e-08,0.01,0.01,0.01,3.49424e-10,2.87276e-10,4.46945e-10
29,0.000883529,3.99093e-05,0.032232,0.000185183,3.07479e-06,0.0200628,0.000209295,3.41727e-06,0.0164578,16.2277,12.6805,19.9127,2.2585,1.89644,2.63329,8.98435e-10,7.17551e-10,1.16251e-09,0.24826,0.010241,7.00059,0.487014,0.448438,0.529733,0.0299213,0.0251822,0.0355401,-2.98023e-08,-5.96046e-08,0,0,0,0,0.252128,0.22217,0.292489,1.30087e-07,1.18246e-07,1.41761e-07,1.69018e-08,1.23102e-08,2.16961e-08,0.01,0.01,0.01,2.44942e-10,1.99997e-10,3.02983e-10
30,0.000816891,3.0794e-05,0.0237033,0.000150585,2.6146e-06,0.0146726,0.000188371,2.37945e-06,0.0158372,16.5747,12.9006,20.1721,2.29814,1.91383,2.65681,6.14302e-10,5.06089e-10,7.91292e-10,0.236075,0.00738759,5.35956,0.485882,0.450443,0.531733,0.0300422,0.0250713,0.0355606,-2.98023e-08,-5.96046e-08,0,0,0,0,0.252724,0.222072,0.290231,1.29931e-07,1.18032e-07,1.4274e-07,1.69149e-08,1.27023e-08,2.17267e-08,0.01,0.01,0.01,1.77405e-10,1.46486e-10,2.20733e-10
31,0.000513734,2.73753e-05,0.023205,0.000129632,2.46367e-06,0.0152986,0.000122465,2.05025e-06,0.0119054,16.8558,13.2579,20.4161,2.31797,1.95178,2.68132,4.74945e-10,3.86013e-10,6.30781e-10,0.162037,0.00659941,5.66831,0.486138,0.449767,0.532117,0.0299803,0.0250406,0.0353823,-2.98023e-08,-5.96046e-08,0,0,0,0,0.252757,0.221535,0.289485,1.29692e-07,1.17631e-07,1.43348e-07,1.68276e-08,1.26256e-08,2.17871e-08,0.01,0.01,0.01,1.30636e-10,1.0852e-10,1.63618e-10
32,0.000438877,1.96779e-05,0.0187038,0.000100958,1.9411e-06,0.0146717,0.000117804,1.65314e-06,0.0101239,17.3026,13.6628,20.8477,2.36671,2.00291,2.72789,3.45483e-10,2.8235e-10,4.48987e-10,0.133361,0.00472985,4.42797,0.486762,0.448632,0.530248,0.0299043,0.0250974,0.035447,-2.98023e-08,-5.96046e-08,0,0,0,0,0.252404,0.221901,0.291322,1.29971e-07,1.184e-07,1.42309e-07,1.6858e-08,1.26876e-08,2.16259e-08,0.01,0.01,0.01,1.00519e-10,8.45581e-11,1.2461e-10
33,0.000276628,1.30866e-05,0.0131371,7.71085e-05,1.98609e-06,0.00659029,6.03659e-05,1.30207e-06,0.00685409,17.1744,13.7534,20.5149,2.34862,2.01646,2.68575,2.43703e-10,2.02839e-10,3.16052e-10,0.0851001,0.00316085,3.65807,0.486373,0.448034,0.530759,0.0299271,0.0253057,0.0353872,-2.98023e-08,-5.96046e-08,0,0,0,0,0.253232,0.222638,0.290562,1.29938e-07,1.17524e-07,1.42396e-07,1.67699e-08,1.23359e-08,2.19146e-08,0.01,0.01,0.01,8.34657e-11,7.06926e-11,1.02e-10
34,0.000302711,1.50014e-05,0.012556,7.3596e-05,1.75655e-06,0.00776929,6.0311e-05,1.10455e-06,0.00682053,17.6236,13.892,21.1412,2.40434,2.02666,2.74139,2.07069e-10,1.65762e-10,2.7078e-10,0.0974969,0.00401303,3.34087,0.486936,0.448161,0.529682,0.0298187,0.0252013,0.0357508,-2.98023e-08,-5.96046e-08,0,0,0,0,0.253144,0.222399,0.291146,1.29872e-07,1.18117e-07,1.42952e-07,1.69218e-08,1.2373e-08,2.17924e-08,0.01,0.01,0.01,7.30502e-11,6.21189e-11,8.90882e-11
35,0.000209688,1.04161e-05,0.00888994,5.87893e-05,1.56155e-06,0.00441065,3.57887e-05,1.15185e-06,0.00552119,17.9362,14.3646,21.3857,2.43266,2.07439,2.76704,1.72517e-10,1.21953e-10,2.36956e-10,0.0662062,0.00289243,2.64792,0.486801,0.448621,0.529746,0.0299619,0.0251485,0.0355328,-2.98023e-08,-5.21541e-08,0,0,0,0,0.253461,0.222494,0.289507,1.30114e-07,1.17844e-07,1.42159e-07,1.68661e-08,1.25979e-08,2.14973e-08,0.01,0.01,0.01,6.47144e-11,5.54055e-11,7.90841e-11
36,0.000126061,5.55664e-06,0.00512527,3.42066e-05,8.49697e-07,0.00291637,3.18377e-05,6.66059e-07,0.00262842,18.1866,14.687,21.7867,2.44874,2.09917,2.81686,1.32114e-10,9.227e-11,1.9473e-10,0.04113,0.00143252,1.7277,0.487043,0.447715,0.5323,0.0298622,0.0252305,0.0354455,-2.98023e-08,-5.21541e-08,0,0,0,0,0.252681,0.221101,0.290812,1.2997e-07,1.18134e-07,1.42825e-07,1.68802e-08,1.23746e-08,2.17807e-08,0.01,0.01,0.01,5.93654e-11,5.08318e-11,7.24805e-11
37,0.000102477,5.6913e-06,0.00536341,2.70483e-05,7.46754e-07,0.00233511,3.17937e-05,5.08074e-07,0.00224205,18.5275,15.2075,21.7794,2.4918,2.14568,2.81673,1.53526e-10,1.16754e-10,2.03539e-10,0.0340829,0.00138913,1.59996,0.487688,0.4478,0.530432,0.029903,0.0251208,0.035528,-2.98023e-08,-5.21541e-08,0,0,0,0,0.252519,0.221718,0.2927,1.29574e-07,1.17998e-07,1.42333e-07,1.68567e-08,1.26799e-08,2.16663e-08,0.01,0.01,0.01,5.51362e-11,4.68318e-11,6.78764e-11
38,7.91103e-05,4.43211e-06,0.00420471,1.94588e-05,6.11358e-07,0.00178785,1.97677e-05,3.94265e-07,0.00208309,18.9721,15.3293,22.4164,2.54084,2.16138,2.87007,1.08089e-10,5.82262e-11,1.75363e-10,0.025717,0.00113785,1.50002,0.488086,0.445568,0.535567,0.0299176,0.0253699,0.035346,-2.98023e-08,-5.96046e-08,0,0,0,0,0.25194,0.222262,0.289886,1.30093e-07,1.17575e-07,1.42854e-07,1.68038e-08,1.24149e-08,2.18344e-08,0.01,0.01,0.01,5.09522e-11,4.28597e-11,6.32467e-11
39,5.36516e-05,3.39405e-06,0.00278755,1.87088e-05,6.81983e-07,0.00109168,1.36593e-05,3.63183e-07,0.00136622,18.9359,15.6254,22.2093,2.52887,2.19935,2.8602,8.21388e-11,4.83991e-11,1.39416e-10,0.0163217,0.000817551,0.880364,0.485456,0.449384,0.532429,0.0300115,0.0251015,0.0355848,-2.98023e-08,-5.96046e-08,0,0,0,0,0.254208,0.221307,0.290809,1.29915e-07,1.18034e-07,1.42142e-07,1.68392e-08,1.25785e-08,2.1666e-08,0.01,0.01,0.01,4.87868e-11,4.15456e-11,6.0673e-11
40,3.11282e-05,2.2335e-06,0.00154002,1.13913e-05,3.60092e-07,0.000675634,1.16789e-05,2.94608e-07,0.000754004,19.4923,16.0624,22.828,2.58381,2.24101,2.91736,7.98509e-11,4.38784e-11,1.47499e-10,0.0100098,0.000592589,0.537881,0.488017,0.449335,0.531891,0.0298682,0.0252382,0.0354791,-2.98023e-08,-5.96046e-08,0,0,0,0,0.253503,0.221409,0.290594,1.29967e-07,1.17795e-07,1.42929e-07,1.66802e-08,1.26625e-08,2.19932e-08,0.01,0.01,0.01,4.67997e-11,3.98477e-11,5.8775e-11
41,3.21234e-05,2.16544e-06,0.00120526,1.23904e-05,2.97123e-07,0.000610009,9.89275e-06,3.10838e-07,0.000738389,19.4594,16.2402,22.7468,2.57762,2.24691,2.91596,6.85283e-11,3.90125e-11,1.21957e-10,0.0113409,0.000568019,0.459756,0.487661,0.449461,0.531074,0.0299659,0.025104,0.0351999,-2.98023e-08,-5.96046e-08,0,0,0,0,0.252858,0.222704,0.291139,1.30197e-07,1.18474e-07,1.41982e-07,1.68932e-08,1.26546e-08,2.16974e-08,0.01,0.01,0.01,4.56844e-11,3.89455e-11,5.6858e-11
42,2.35899e-05,1.56197e-06,0.00109475,8.09087e-06,3.02103e-07,0.000518737,7.58506e-06,2.03582e-07,0.000506239,19.8862,16.7546,23.1182,2.62935,2.31316,2.94494,6.65486e-11,3.63316e-11,1.27947e-10,0.00816611,0.000406138,0.39846,0.486913,0.446536,0.533439,0.0297601,0.0255421,0.0352472,-2.98023e-08,-5.21541e-08,0,0,0,0,0.253281,0.221539,0.289995,1.2995e-07,1.17855e-07,1.42667e-07,1.67538e-08,1.26583e-08,2.17227e-08,0.01,0.01,0.01,4.45836e-11,3.82687e-11,5.54707e-11
43,1.2636e-05,1.13358e-06,0.000541848,5.53072e-06,2.33306e-07,0.000286329,4.9368e-06,2.15384e-07,0.000278533,20.194,16.8772,23.2698,2.65609,2.3247,2.95517,6.43638e-11,3.39609e-11,1.22743e-10,0.00433588,0.000306853,0.232311,0.487115,0.447592,0.532725,0.0300979,0.0251642,0.0354341,-2.98023e-08,-5.96046e-08,0,0,0,0,0.253303,0.222637,0.28967,1.30103e-07,1.18141e-07,1.42313e-07,1.68687e-08,1.25826e-08,2.1614e-08,0.01,0.01,0.01,4.38702e-11,3.72936e-11,5.42034e-11
44,1.89955e-05,1.5347e-06,0.000569756,6.46876e-06,2.46763e-07,0.000268952,8.59922e-06,1.76527e-07,0.000291276,20.2951,17.1563,23.7009,2.67041,2.35663,3.0092,5.76409e-11,3.32101e-11,1.11271e-10,0.00613848,0.000404997,0.224735,0.486518,0.447235,0.53251,0.0299296,0.0252316,0.0355295,-2.98023e-08,-5.96046e-08,0,0,0,0,0.252807,0.222617,0.289696,1.30042e-07,1.17635e-07,1.42247e-07,1.67979e-08,1.25724e-08,2.15758e-08,0.01,0.01,0.01,4.28073e-11,3.6441e-11,5.34549e-11
45,1.10175e-05,1.00784e-06,0.000331121,3.85808e-06,1.9492e-07,0.000134024,5.10767e-06,1.72175e-07,0.000187335,20.1456,17.2616,23.4018,2.65163,2.35733,2.97719,5.82472e-11,3.02789e-11,1.08834e-10,0.00343389,0.000271477,0.135949,0.487188,0.448684,0.53004,0.0299197,0.0250508,0.0354438,-2.98023e-08,-5.96046e-08,0,0,0,0,0.252941,0.222552,0.290215,1.29878e-07,1.17588e-07,1.42672e-07,1.68e-08,1.23213e-08,2.19329e-08,0.01,0.01,0.01,4.21595e-11,3.62848e-11,5.20104e-11
46,1.05442e-05,1.09759e-06,0.00031099,4.88586e-06,2.29518e-07,0.000154955,4.32999e-06,1.47544e-07,0.000156821,20.3216,17.4837,23.3327,2.67357,2.38282,2.96936,5.43946e-11,2.87108e-11,1.09928e-10,0.00367547,0.00029354,0.130271,0.486997,0.449026,0.531698,0.0299706,0.0248631,0.0354147,-2.98023e-08,-5.21541e-08,0,0,0,0,0.251981,0.223945,0.29088,1.2981e-07,1.1871e-07,1.42365e-07,1.69487e-08,1.23984e-08,2.16437e-08,0.01,0.01,0.01,4.1348e-11,3.53219e-11,5.21344e-11
47,5.0743e-06,5.9148e-07,6.94438e-05,2.03133e-06,1.28216e-07,4.40109e-05,2.6875e-06,9.28056e-08,5.70172e-05,20.6784,17.987,23.7447,2.70142,2.42441,3.00868,5.46045e-11,2.73659e-11,1.02907e-10,0.00161416,0.000156252,0.0283139,0.486219,0.449115,0.532331,0.0299551,0.0249997,0.0355587,-2.98023e-08,-5.96046e-08,0,0,0,0,0.252565,0.22253,0.290314,1.30339e-07,1.17932e-07,1.42014e-07,1.69544e-08,1.23594e-08,2.16569e-08,0.01,0.01,0.01,4.12709e-11,3.496e-11,5.02389e-11
48,4.06159e-06,4.21488e-07,5.74157e-05,1.60237e-06,8.80559e-08,3.67387e-05,2.37743e-06,1.03854e-07,3.61656e-05,21.0372,18.0995,24.1528,2.74717,2.4493,3.05135,5.21431e-11,2.77562e-11,1.02861e-10,0.00131236,0.00012245,0.0219399,0.487211,0.44895,0.53171,0.0298442,0.0252095,0.0355902,-2.98023e-08,-5.96046e-08,0,0,0,0,0.251998,0.223098,0.291111,1.30127e-07,1.17791e-07,1.42767e-07,1.68328e-08,1.23081e-08,2.18957e-08,0.01,0.01,0.01,4.06616e-11,3.48806e-11,5.0274e-11
49,2.50235e-06,3.30166e-07,2.13454e-05,1.12216e-06,7.52078e-08,1.46442e-05,1.62972e-06,7.7488e-08,2.08719e-05,21.2318,18.6096,24.0062,2.76168,2.49509,3.03869,5.02771e-11,2.58734e-11,9.93941e-11,0.000772635,8.53701e-05,0.00822057,0.486436,0.448757,0.530875,0.0300324,0.0251751,0.035267,-2.98023e-08,-5.96046e-08,0,0,0,0,0.252412,0.223362,0.29041,1.29934e-07,1.17874e-07,1.42954e-07,1.698e-08,1.24434e-08,2.16813e-08,0.01,0.01,0.01,4.02329e-11,3.42816e-11,4.95466e-11
50,4.99912e-06,4.85693e-07,0.000106977,2.43485e-06,8.96454e-08,5.83519e-05,2.34466e-06,7.44918e-08,7.79158e-05,21.0513,18.2411,24.164,2.74576,2.45692,3.05124,4.91053e-11,2.59739e-11,9.92479e-11,0.00177398,0.000135429,0.0471976,0.487498,0.445192,0.534037,0.0298628,0.0251328,0.0355813,-2.98023e-08,-5.96046e-08,0,0,0,0,0.252258,0.222492,0.290787,1.29954e-07,1.17928e-07,1.42519e-07,1.6892e-08,1.23219e-08,2.18364e-08,0.01,0.01,0.01,4.02116e-11,3.42667e-11,5.0241e-11
51,3.76511e-06,4.22069e-07,4.10206e-05,1.62986e-06,8.74201e-08,3.19821e-05,1.99858e-06,8.62579e-08,3.73713e-05,21.2164,18.3473,24.2741,2.76552,2.46689,3.06007,4.93668e-11,2.55474e-11,9.95793e-11,0.0012502,0.000117513,0.0170509,0.486968,0.446392,0.534141,0.0298165,0.0251231,0.0356079,-2.98023e-08,-5.96046e-08,0,0,0,0,0.253277,0.223459,0.290091,1.29728e-07,1.17661e-07,1.4264e-07,1.6966e-08,1.2403e-08,2.1839e-08,0.01,0.01,0.01,3.9695e-11,3.39028e-11,4.92428e-11
52,2.48461e-06,2.64464e-07,1.75702e-05,1.21699e-06,6.70486e-08,1.57054e-05,1.42655e-06,6.7212e-08,1.6821e-05,21.2687,18.7049,24.0938,2.75937,2.50516,3.04502,4.91614e-11,2.39521e-11,9.98518e-11,0.000767845,6.95082e-05,0.00659183,0.486394,0.448428,0.531505,0.0299271,0.0251156,0.0354877,-2.98023e-08,-5.96046e-08,0,0,0,0,0.252486,0.221866,0.291212,1.29908e-07,1.17052e-07,1.42155e-07,1.69044e-08,1.27617e-08,2.17249e-08,0.01,0.01,0.01,3.95734e-11,3.34814e-11,4.92074e-11
53,2.03592e-06,2.30126e-07,1.51507e-05,1.05315e-06,5.79622e-08,1.30967e-05,1.27326e-06,5.23351e-08,1.53281e-05,21.4054,18.6204,24.2881,2.7746,2.49209,3.05998,4.92109e-11,2.47991e-11,9.77014e-11,0.000674051,5.59534e-05,0.00634753,0.487401,0.446495,0.532676,0.0298412,0.0251801,0.0356367,-2.98023e-08,-5.96046e-08,0,0,0,0,0.253211,0.221723,0.289922,1.29909e-07,1.1809e-07,1.42532e-07,1.69083e-08,1.23296e-08,2.19807e-08,0.01,0.01,0.01,3.95246e-11,3.31683e-11,4.91665e-11
54,1.82918e-06,2.38774e-07,1.39883e-05,9.25197e-07,5.63463e-08,1.18623e-05,1.1381e-06,4.80879e-08,1.49078e-05,21.385,18.561,24.2548,2.78056,2.48563,3.072,4.8257e-11,2.27546e-11,9.43164e-11,0.000617452,6.70794e-05,0.00544992,0.486342,0.449036,0.531338,0.0299723,0.0249185,0.0355381,-2.98023e-08,-5.96046e-08,0,0,0,0,0.251977,0.222428,0.289428,1.29659e-07,1.17427e-07,1.43053e-07,1.68242e-08,1.25732e-08,2.15123e-08,0.01,0.01,0.01,3.94653e-11,3.33793e-11,4.94326e-11
55,1.65276e-06,1.93901e-07,1.27436e-05,8.32213e-07,5.05182e-08,1.15179e-05,1.0316e-06,4.64353e-08,1.33361e-05,21.524,18.9119,24.395,2.78975,2.52336,3.07364,4.84546e-11,2.3788e-11,9.36652e-11,0.000563908,5.73608e-05,0.00498531,0.486599,0.447699,0.53268,0.0300301,0.0250131,0.0352583,-2.98023e-08,-5.96046e-08,0,0,0,0,0.252601,0.221667,0.290713,1.30222e-07,1.17948e-07,1.4178e-07,1.67458e-08,1.2512e-08,2.1713e-08,0.01,0.01,0.01,3.93821e-11,3.35356e-11,4.82859e-11
56,1.57014e-06,1.78695e-07,1.21568e-05,7.95921e-07,4.43459e-08,1.02267e-05,9.48567e-07,4.07613e-08,1.16685e-05,21.6558,19.0564,24.4104,2.80401,2.53682,3.07934,4.73202e-11,2.28948e-11,9.63587e-11,0.000513231,5.38611e-05,0.00511886,0.487545,0.445713,0.533947,0.0299612,0.0252216,0.0357334,-2.98023e-08,-5.96046e-08,0,0,0,0,0.252614,0.221864,0.29129,1.30155e-07,1.17554e-07,1.42218e-07,1.6953e-08,1.24054e-08,2.18959e-08,0.01,0.01,0.01,3.91332e-11,3.33545e-11,4.91851e-11
57,1.51327e-06,1.87564e-07,1.1003e-05,7.12607e-07,4.77367e-08,8.55309e-06,9.72254e-07,3.89294e-08,1.10278e-05,21.6854,18.9882,24.5359,2.80627,2.54224,3.09334,4.80394e-11,2.44488e-11,9.62416e-11,0.000499764,5.52532e-05,0.00445301,0.486991,0.449403,0.53234,0.0298223,0.0252036,0.0354736,-2.98023e-08,-5.96046e-08,0,0,0,0,0.253191,0.222383,0.289763,1.29298e-07,1.18345e-07,1.42827e-07,1.68975e-08,1.23457e-08,2.1477e-08,0.01,0.01,0.01,3.9113e-11,3.34217e-11,4.90476e-11
58,1.36826e-06,1.78269e-07,9.88502e-06,6.49558e-07,4.20941e-08,7.44818e-06,9.02935e-07,3.70382e-08,8.82751e-06,21.7314,19.1409,24.6202,2.8113,2.55056,3.09133,4.78324e-11,2.38566e-11,9.56147e-11,0.00047391,4.97614e-05,0.00414527,0.486955,0.448268,0.533178,0.0298249,0.0252151,0.0354419,-2.98023e-08,-5.96046e-08,0,0,0,0,0.253098,0.222075,0.291111,1.30039e-07,1.17777e-07,1.42946e-07,1.67111e-08,1.25391e-08,2.18573e-08,0.01,0.01,0.01,3.91525e-11,3.31867e-11,4.8082e-11
59,1.283e-06,1.49946e-07,8.65123e-06,6.38035e-07,3.29547e-08,7.67544e-06,7.59629e-07,3.26517e-08,9.33431e-06,21.9307,19.2738,24.6379,2.82685,2.57107,3.10178,4.80169e-11,2.44817e-11,9.5289e-11,0.000426958,4.75913e-05,0.00357166,0.488054,0.449769,0.529798,0.0299939,0.0251111,0.0352617,-2.98023e-08,-5.21541e-08,0,0,0,0,0.252653,0.223177,0.289221,1.29789e-07,1.18252e-07,1.42842e-07,1.69509e-08,1.23531e-08,2.16506e-08,0.01,0.01,0.01,3.91505e-11,3.32461e-11,4.89183e-11
60,1.21781e-06,1.36213e-07,7.41893e-06,5.89755e-07,2.96699e-08,6.65201e-06,7.54988e-07,2.42897e-08,8.64435e-06,22.0032,19.2893,24.8696,2.83636,2.55676,3.1314,4.75983e-11,2.40004e-11,9.73174e-11,0.000413723,4.06864e-05,0.00330596,0.486905,0.447408,0.531566,0.0298496,0.0250704,0.0354839,-2.98023e-08,-5.96046e-08,0,0,0,0,0.252846,0.222268,0.289002,1.3014e-07,1.18312e-07,1.42322e-07,1.69333e-08,1.25461e-08,2.14142e-08,0.01,0.01,0.01,3.92753e-11,3.32546e-11,4.91909e-11
