experiment_id,method,track,scope_status,gate,fidelity_class,spec_intended_status,deviation_or_authority,implementation_status,runtime_qualification_status,production_qualification_status,scientific_execution_status,completed_scientific_seeds,checkpoint_status,future_bank_eligible,block_or_supersession_reason,disclosures,latest_authoritative_milestone
E01,FAS-Aug,A_FAIR_COMMON_IDENTITY_FREE,ACTIVE_M6_BASELINE,faithful,FAITHFUL_OFFICIAL_WITH_DETERMINISM_CLARIFICATION,FAITHFUL_OFFICIAL,A2-01; A2-05,IMPLEMENTED (M6C1; official backend; synthetic pixel smoke PASS),CORE_ENVIRONMENT_QUALIFIED (M6D1; synthetic),NOT_QUALIFIED_ON_REAL_TRAIN (non-learned; real-data bank path not exercised),NOT_EXECUTED,0,NOT_APPLICABLE_NON_LEARNED,true,NONE,non-learned but seed-dependent per-pair operator draws; asset order lexicographic (A2-01),M6D1
E02,Frequency Substitution,A_FAIR_COMMON_IDENTITY_FREE,ACTIVE_M6_BASELINE,adapted,SPEC_DEFINED,CONTROLLED_ADAPTATION,spec 8.2; A2-02; A2-03; A2-04; M6A5b label normalization,IMPLEMENTED (M6C1),CORE_ENVIRONMENT_QUALIFIED (M6D1; synthetic),NOT_QUALIFIED_ON_REAL_TRAIN (non-learned; real-data bank path not exercised),NOT_EXECUTED,0,NOT_APPLICABLE_NON_LEARNED,true,NONE,gate adapted because spec 8.2 tags it CONTROLLED_ADAPTATION; SPEC_DEFINED (M6A5b) is the provenance label (method defined by the frozen spec itself; not an adaptation of an external method),M6D1
E03,STDN,A_FAIR_COMMON_IDENTITY_FREE,ACTIVE_M6_BASELINE,faithful,FAITHFUL_OFFICIAL_WITH_RUNTIME_COMPATIBILITY,FAITHFUL_OFFICIAL,E03 runtime compatibility addendum (M6D2b),IMPLEMENTED (M6C2a),RUNTIME_QUALIFIED (M6D2a environment; M6D2b official graph; synthetic),NOT_QUALIFIED_ON_REAL_TRAIN,NOT_EXECUTED,0,NO_SCIENTIFIC_CHECKPOINT,true,NONE,frozen config field FAITHFUL_OFFICIAL unchanged (historical); compatibility TF1 runtime; checkpoint rule OFFICIAL_LATEST_FINAL_CKPT_50,M6D2b
E04,Physics-STD,A_FAIR_COMMON_IDENTITY_FREE,ACTIVE_M6_BASELINE,adapted,CONTROLLED_ADAPTATION,FAITHFUL_PAPER,A3 section 4; A4; A2-06; M6D3d owner resolution addendum,IMPLEMENTED (M6C2b1),TRAINING_GRAPH_QUALIFIED (M6D3a geometry; M6D3e training graph; synthetic),NOT_QUALIFIED_ON_REAL_TRAIN,NOT_EXECUTED,0,NO_SCIENTIFIC_CHECKPOINT,true,NONE,controlled reconstruction (3DDFA_V2 geometry; Q=140; depth M0); not a faithful reproduction; checkpoint BASELINE_FINAL_STATE_V1 at 150000,M6D3e
E05,PCGAN,A_FAIR_COMMON_IDENTITY_FREE,ACTIVE_M6_BASELINE,adapted,CONTROLLED_ADAPTATION,FAITHFUL_PAPER_OR_CONTROLLED_ADAPTATION,A2-07; A5; A2-06; M6D4c owner resolution addendum,IMPLEMENTED (M6C2b2),TRAINING_RUNNER_QUALIFIED (M6D4a; M6D4d; M6D4e clean requalification; synthetic),NOT_QUALIFIED_ON_REAL_TRAIN,NOT_EXECUTED,0,NO_SCIENTIFIC_CHECKPOINT,true,NONE,executable architecture basis = pinned swapping-autoencoder (A2-07); never called native or faithful PCGAN; checkpoint BASELINE_FINAL_STATE_V1 at 4000,M6D4e
E06a,DSDG-BIN,NONE (spec 17 binary-adapted row; in neither A1 track),SUPERSEDED_BY_ADOPTED_AMENDMENT,blocked,NOT_ASSESSED_NOT_IMPLEMENTED,ADAPTED_BINARY_VARIANT (spec 5.1),DEV-019 (Amendment A1),NOT_IMPLEMENTED,NOT_APPLICABLE,NOT_APPLICABLE,NOT_EXECUTED,0,NONE,false,SUPERSEDED_BY_A1: its spec 8.6 same-subject identity pairing is a forbidden Track-A sampling rule (A1; fair_track_v1) and A1 places it in no track; replaced for Track A by E06c (DEV-020),row kept visible (not deleted); no adapter was ever built for it,M4 (Amendment A1)
E06b,DSDG-NATIVE,B_NATIVE_FULL_SECONDARY,ACTIVE_M6_BASELINE,faithful,FAITHFUL_OFFICIAL_WITH_RUNTIME_COMPATIBILITY,FAITHFUL_OFFICIAL,M6FD owner fidelity decision; no deviation (execution runtime compatibility only),CONFIG_FROZEN; STATIC_ADAPTER_IMPLEMENTED (M6FB),GPU_GRAPH_QUALIFIED; EXECUTION_MAPPING_QUALIFIED; WORKER_DETERMINISM_QUALIFIED (M6FC),PRODUCTION_DATA_PATH_QUALIFIED; PRODUCTION_BATCH_PATH_QUALIFIED; SCIENTIFIC_CLI_PREFLIGHT_QUALIFIED (M6FD; real CASIA+MSU TRAIN),SCIENTIFIC_TRAINING_NOT_EXECUTED,0,NO_SCIENTIFIC_CHECKPOINT,true,NONE,SCIENTIFIC_RUN_LIFECYCLE_NOT_EXECUTED; CHECKPOINT_WRITER_NOT_E06B_RUNTIME_EXERCISED; RESUME_UNQUALIFIED_FRESH_ONLY; SCIENTIFIC_TRAINING_NOT_EXECUTED; N_syn DEFERRED_TO_M8; CASIA+MSU only (SiW NOT_INSTANTIABLE_MISSING_SUBJECT_ID); frozen YAML fidelity field PENDING_M6F_C_RUNTIME_QUALIFICATION is historical; environment gpat-m6-e06c,M6FD
E06c,DSDG-BIN-IDFREE,A_FAIR_COMMON_IDENTITY_FREE,ACTIVE_M6_BASELINE,adapted,CONTROLLED_ADAPTATION,A1_TRACK_A_ADDITION,DEV-020; M6D5c; M6D5d,IMPLEMENTED (M6C2a),RUNTIME_ARCHITECTURE_QUALIFIED; GLOBAL_BATCH_240_EXECUTION_RESOLVED (M6D5a-M6D5d),PRODUCTION_RUNNER_QUALIFIED_ON_REAL_TRAIN (M6D5e; incl. checkpoint writer and resume),NOT_EXECUTED,0,NO_SCIENTIFIC_CHECKPOINT,true,NONE,lambda_pair=0 and loss_cls degenerate with one spoof class (DEV-020); unchanged by M6F and A9,M6D5e
E07a,DiffFAS-BIN,NONE (spec 17 binary-adapted row; in neither A1 track),SUPERSEDED_BY_ADOPTED_AMENDMENT,blocked,NOT_ASSESSED_NOT_IMPLEMENTED,ADAPTED_BINARY_VARIANT (spec 5.1),DEV-019 (Amendment A1),NOT_IMPLEMENTED,NOT_APPLICABLE,NOT_APPLICABLE,NOT_EXECUTED,0,NONE,false,SUPERSEDED_BY_A1: its spec 8.7 same-identity reconstruction-pair structure is a forbidden Track-A sampling rule (A1; fair_track_v1) and A1 places it in no track; replaced for Track A by E07c (DEV-021),row kept visible (not deleted); no adapter was ever built for it,M4 (Amendment A1)
E07b,DiffFAS-NATIVE,B_NATIVE_FULL_SECONDARY,OWNER_EXCLUDED,blocked,NOT_ASSESSED_NOT_IMPLEMENTED,FAITHFUL_OFFICIAL,A9,NOT_IMPLEMENTED,NOT_APPLICABLE,NOT_APPLICABLE,NOT_EXECUTED,0,NONE,false,OWNER_EXCLUDED_RESOURCE_CONSTRAINT (A9; DiffFAS family discontinued),not a source gap; no bank; no downstream scientific use; later tables keep the row as N/A,M6A9
E07c,DiffFAS-BIN-IDFREE,A_FAIR_COMMON_IDENTITY_FREE,OWNER_EXCLUDED,blocked,CONTROLLED_ADAPTATION,A1_TRACK_A_ADDITION,DEV-021; A3 section 5; A6; A7; A8; A9,IMPLEMENTED (M6C2b3),RUNTIME_AND_MAIN_GRAPH_QUALIFIED (M6D6a-M6D6i),MAIN_PRODUCTION_RUNNER_QUALIFIED (M6D6j),DISCONTINUED_BY_A9; seed 42 attempt 1 FAILED_BEFORE_OPTIMIZATION (RUN_CONTEXT_OPEN; 0 steps); seed 42 attempt 2 OWNER_INTERRUPTED (last completed step 54836; epoch 25); seeds 1337 and 2026 NEVER_STARTED,0,model_050000.pt NON_SCIENTIFIC_EVIDENCE_ONLY (selected=false; final=false; scientific_eligible=false; sha256 b4ae6325bd04fdf615db24ca0cfb883680401c494b9c9d39f4830dbc8d775cae),false,OWNER_EXCLUDED_RESOURCE_CONSTRAINT (A9),auxiliary conditioning encoder trained once and frozen (M6D6g/M6D6h) - not a main scientific seed; downstream scientific use false; not a source gap,M6A9
